ocimum,0
ebtp,1
yellow,2
interchang,3
ebti,4
authoris,5
staatsangehörigkeit,6
scola,7
jawdat,8
figf,9
digit,10
rappresentanz,11
dell,12
kemen,13
prize,14
croatian,15
charter,16
thrace,17
nigc,18
millet,181
dueschapt,20
salsifi,21
dialogu,22
naftiran,23
fossil,24
databank,25
euiss,870
specialist,248
atef,27
intellectu,28
herb,29
atej,30
china,32
deterior,33
označených,34
militari,35
remarksin,36
golden,335
brought,39
remnant,40
sterl,42
forborn,43
hamad,44
reticulata,45
telegraph,46
strike,47
eurojust,48
relay,49
relat,50
yahoo,51
notic,52
glass,53
export,6911
exce,54
adnan,445
bouyehia,56
accid,58
sweeten,59
blade,60
prescrib,5868
ofth,61
postgradu,62
edibl,63
household,64
infus,65
want,66
hoc,67
turn,5871
travel,69
hom,70
classifi,71
hot,72
hop,73
symposium,74
perspect,75
bekhtyar,76
annuum,77
endang,78
vicia,79
democratis,80
revolv,81
polypropylen,82
dispar,83
finalis,84
wing,85
wind,86
wine,87
vart,88
prophylact,89
feedback,90
foodstuff,91
parlamentarium,92
vari,93
addounia,94
fit,95
aleppo,1202
unforeseen,96
fix,97
indexeng,98
cenelec,99
fig,100
easier,101
recours,102
proce,103
enrich,104
slate,105
accrual,106
iid,107
surgic,108
khallouf,109
silver,110
scholar,111
repaint,113
thyme,114
hizbollah,115
accommod,116
thymu,117
lupinu,118
sabouni,119
dummar,120
healthcar,121
angola,122
concord,123
mdb,124
garment,814
allah,126
mdg,127
osim,128
allaw,129
rt,130
ru,131
rw,132
rp,133
rs,134
ghasem,135
ha,6790
rd,136
re,137
rf,138
macroeconom,139
adapt,140
rb,893
bertesi,1205
sme,142
ro,901
ri,144
navig,145
pirin,146
renegoti,147
knit,148
allerg,149
reformul,150
atm,965
ath,152
silicon,153
unabl,154
ehab,155
confus,156
kfw,157
vertebr,158
interinstitut,159
wast,160
wash,1014
instruct,162
niger,163
für,164
xii,165
evolut,166
sharaabi,167
underlin,168
master,169
xiv,170
similarli,171
architect,6345
euro,1210
bitter,173
muhanisen,174
danish,175
geneva,176
recherch,177
task,178
derecognis,179
sulphur,180
technic,182
unlaw,4745
saeed,184
soleymani,185
trec,186
tree,187
project,188
hlcq,189
galang,190
nzd,191
entail,192
spectrum,193
aforement,194
increment,195
infring,196
irrevoc,197
prerog,198
metallis,199
simplifi,200
shala,201
limitless,1247
shale,203
mouth,204
addict,205
letter,206
drought,207
wellb,208
hamawandi,209
grove,210
niordc,211
camp,212
hospit,213
tech,214
neg,3554
detriment,216
rotari,217
came,218
bomb,219
reactor,220
ttip,221
hungari,222
uvedených,223
daucu,224
advisori,225
fennel,226
layout,227
menu,228
descriptionin,229
gallar,230
restaur,231
theme,232
busi,233
rich,234
mend,235
rice,236
rica,237
plate,238
foremost,239
pocket,240
cushion,241
indigen,242
bashar,244
pandem,3562
respond,246
fair,247
ongo,26
mandatori,249
result,250
respons,251
fail,252
best,253
ebrd,254
awwad,255
emcdda,256
sectorfigur,257
figur,258
ira,259
irb,260
depriv,261
natura,262
syzygium,263
extens,264
mek,3569
extent,266
sancho,267
carbon,268
advertis,269
debt,270
roller,271
wto,272
sulieman,273
accident,274
comoro,275
unemploy,276
macedonia,277
nicht,3572
logic,279
countri,280
seri,5909
acced,1576
compromis,282
libyan,283
assur,284
tarek,285
esif,286
assum,287
summar,288
duplic,289
subsidi,290
fra,291
fro,292
much,293
advers,294
life,295
retrospect,296
oryza,297
wish,298
lift,299
chile,300
child,301
qusay,302
spin,303
liabilit,304
commerci,305
employ,306
marriag,1827
viii,308
riparian,310
expat,311
player,312
institutiontitl,313
citrullu,314
hong,315
dilut,1898
dhi,317
rheumat,318
woollen,319
jassim,320
split,321
dhu,322
issam,323
refit,324
slovenia,325
tuni,326
boiler,1950
ownership,328
refin,329
tuna,330
fundtitl,331
academia,1700
legisl,333
maxima,2000
ordin,336
djibouti,337
previous,338
transnistria,2039
easm,340
campaign,3585
easi,342
easa,343
barbado,344
endur,2069
har,346
east,347
deterg,348
sanit,349
posei,350
preserv,351
intermod,352
birth,353
shadow,354
shihabi,355
semi,356
lawfigur,4772
remind,358
mohand,359
regionfigur,360
programmefigur,361
underli,362
right,363
crowd,364
czech,365
fiduciari,366
nitrat,367
transmiss,368
bottom,369
cira,370
condit,371
europaea,372
dental,373
ecprd,374
borago,375
colleg,376
loyalist,377
eneko,378
furayj,379
foregon,380
storeroom,381
baniya,382
coars,383
som,384
son,385
creativ,386
resili,387
sow,388
wrap,389
pisum,390
diplomatiqu,391
fabric,392
suffici,393
tuberculosi,394
support,395
avail,396
joseph,397
acknowledg,1235
call,3594
therefrom,400
offer,401
safeguard,402
depreci,404
peso,3703
tradefigur,406
pest,407
sampl,408
dissemin,409
alboukam,410
malmquist,411
exist,412
iyad,413
bfigur,414
cassia,415
eprocur,416
acacia,417
floor,418
quota,419
actor,420
biocid,421
flood,422
role,423
roll,424
legitim,425
notif,426
intend,427
devot,428
asterisk,429
notwithstand,430
hereinaft,431
schuman,432
intens,433
intent,434
entrust,435
shalish,436
societ,437
ottawa,438
time,439
pyrotechn,440
laiko,441
chain,442
odorata,443
osc,444
hold,55
religion,1242
decim,447
substitut,448
euskal,449
oversight,450
justicefigur,452
mohabak,453
exact,454
shahla,455
signal,3018
depositori,456
chamhold,457
overarch,458
crustacean,459
team,460
dimashq,461
prevent,462
attia,463
compens,464
sigl,465
sign,466
efda,468
cbc,6120
headset,469
currenc,471
basiscouncil,472
descriptionon,473
current,474
cauca,1251
irún,1252
teleconferenc,477
actstreati,3877
honour,480
bi,1256
modif,482
address,483
galileo,484
along,485
remarksrepay,486
root,3609
worldwid,2970
sawn,489
carob,490
influx,491
ipa,492
br,1265
radish,494
prefer,495
europol,496
ipr,497
instal,498
forefront,499
areasxx,500
sky,6892
newslett,501
bz,503
scope,505
prosecutor,506
foeniculum,507
afford,508
rajiha,509
enhanc,510
cucumi,511
visual,512
appendix,513
chargeabl,514
behalf,515
honey,3615
analyt,5954
apium,518
vega,519
whatev,520
franc,521
sulaimani,4800
problemat,523
legum,524
carcerieri,525
recycl,526
winter,527
reconnaiss,528
microcopi,529
helier,530
cecaf,531
atam,532
petrochem,533
spot,534
informationtitl,535
aica,536
svart,537
laundri,538
data,539
harmon,540
sz,541
stress,542
sx,543
conscious,544
ss,545
sr,546
sq,547
sp,548
sv,549
su,550
st,551
sk,552
sj,553
si,554
sh,555
truck,556
sn,557
sm,558
callabl,559
sb,560
sg,561
sf,562
se,563
sd,564
beaumont,565
kong,566
officinali,567
epilepsi,568
jim,569
aviv,570
torr,571
nessim,572
civilian,573
smarter,574
retrain,575
therebi,576
revers,577
transatlant,3626
separ,579
aronia,580
quarter,581
quartet,582
compil,583
eslamboli,584
receipt,585
breakthrough,586
stranieri,587
surreptiti,3498
prostitut,589
neighbourhood,590
internet,592
formula,593
lubric,594
domest,596
million,597
seventh,598
sarke,599
amaranthu,600
reusabl,601
liwanag,602
motor,6644
naser,603
unavoid,604
recov,605
footwear,606
neglect,607
sikhni,3641
prioritis,609
improvis,610
montreal,6488
spanish,611
vote,612
nif,243
brochur,614
boulevard,615
convent,616
zaytun,617
citi,618
cassett,619
reinvigor,620
walid,621
forthcom,622
provinc,623
logist,624
remembr,3752
amelanchi,626
uccl,627
russia,628
prospect,629
san,630
saa,631
emea,632
anisah,633
burundi,634
allem,635
sap,3837
saw,637
narváez,638
sport,2476
fertil,639
retroact,640
note,641
zor,642
denomin,643
destroy,644
printer,645
buffer,646
knowingli,647
compress,648
toamount,649
abus,650
crochet,651
allevi,652
eprd,3006
rihani,655
axe,656
axi,657
preambl,658
basiscommiss,659
salw,660
surplus,661
qod,662
officinal,663
observatori,6403
slot,664
espoo,665
sativa,666
gourd,667
romanian,668
imbal,4025
activ,670
sativu,671
eurolat,672
genera,4267
mandarin,2482
outlet,675
lycopersicon,676
requir,677
oleifera,678
prime,679
rightsfigur,680
homeopathi,681
borrow,682
twelv,683
vision,684
surgeri,685
hepat,686
deadlin,687
espp,688
hezballah,689
televis,690
un,1300
bureau,692
spars,693
institutionfigur,694
amort,695
screen,696
gnss,697
spare,698
shortag,699
euvp,700
zakaria,701
electrolyt,703
confisc,704
nettl,5965
virginiana,705
siib,706
yearli,707
twin,708
anti,709
rafah,710
sentinel,711
hercul,712
latifolia,713
come,5976
infrastructuresfigur,715
thousand,716
resolut,717
former,718
jute,719
hayel,720
shortfal,721
stockpil,722
copolym,723
aluminium,724
iva,725
ivb,726
warehous,727
pursu,728
econom,729
expenditurea,730
promin,731
undertakingfunct,2491
preparatori,733
breakdown,734
extern,735
traine,4604
isotop,737
cinisello,738
genit,739
veal,740
basisregul,741
vacanc,742
scholarship,743
gdp,744
summer,745
mohsin,746
rest,747
weekli,748
moroni,749
concentr,750
bioenergi,751
uncap,752
pedco,753
instrument,754
exercis,755
diyar,756
libi,757
around,758
regil,759
regim,760
categoris,761
regio,762
traffic,763
vacuum,764
preferenci,765
dara,766
postal,767
clan,768
clad,769
remeasur,770
tsunami,771
manal,772
inter,773
manag,774
supplementari,775
occasionalment,776
grub,777
sharehold,778
muscl,779
polo,5989
satisfactori,781
fertilis,782
eusebio,783
constitut,784
tube,785
ovlaštenj,786
definit,787
evolv,788
exit,789
notabl,790
majorana,791
power,792
memberst,793
leadership,794
thailand,795
lock,796
stone,798
organisationen,799
dibe,800
side,3668
wafiq,802
allowancesfigur,4938
industri,804
invert,2502
mosqu,806
effici,807
surinam,808
surviv,809
rossa,810
bergen,811
charaabi,812
ови,813
laboratori,125
bottl,815
cultiv,816
bundl,817
sukkar,818
eusec,819
asbesto,820
conclus,821
wafer,1324
milan,3671
affairstitl,824
nasco,825
basqu,826
pulp,827
aa,828
ac,829
ab,830
ae,831
citizenship,832
creat,833
af,834
ai,835
al,836
ao,837
opcw,838
aq,839
ap,840
ar,841
mundu,842
aw,843
av,844
ax,845
az,846
ohr,847
cream,848
angelica,849
googl,850
abolish,851
collis,852
spatial,853
genuin,854
congress,855
vocabulari,856
masa,857
thorn,858
mask,859
masj,860
azhar,861
sleiman,862
mass,863
cpv,864
scn,5255
consider,866
ore,4148
emcc,5261
ismail,868
upkeep,869
tz,3361
tv,871
tw,872
tt,873
tr,874
ts,875
tp,876
tq,877
tn,878
tl,879
tm,880
tj,881
tk,882
th,883
ti,884
rnnn,3449
tg,886
td,887
pilot,6002
tc,888
norm,889
barroso,5341
ghana,891
representationsfigur,892
smi,141
ghani,894
transregion,895
debit,3679
candid,897
offal,898
gfatm,899
strand,900
faraj,902
sand,903
adjust,904
small,905
pbi,906
enterpris,907
quicker,908
samoa,909
provar,910
beja,911
past,912
basispreparatori,5452
že,914
deleg,915
clock,916
leir,917
section,918
delet,919
abbrevi,920
sison,921
method,922
full,923
sylvestri,924
empower,925
maaroufi,926
redempt,3684
memorandum,6373
prior,928
healthier,929
therapeut,930
social,931
action,932
introductori,933
decentralis,934
via,935
shorthand,936
vie,937
vii,938
vetch,1341
regiment,940
coercion,941
select,942
primros,943
qasmi,944
petroleum,945
mohafazeh,946
moru,947
goatmeat,948
pearl,949
offshor,950
rhea,951
videoconferenc,952
door,953
laeken,954
signpost,955
freelanc,956
nomad,957
maddelerin,958
compani,960
malt,961
remarkswith,962
learn,963
male,964
prompt,966
challeng,967
registr,968
scad,969
accept,970
lesotho,971
cherif,972
dress,973
huge,974
eaggf,975
interconnect,976
sewerag,977
danub,978
salvia,979
invertebr,980
vaccinium,981
voltag,982
simpl,983
crowdfund,984
plant,985
entrepreneurship,986
plane,987
unaccompani,988
boughaba,989
lanka,990
circumst,991
abdellah,3689
imageri,993
cigarett,994
constitu,995
mexican,996
itd,997
caucasu,998
trade,999
paper,1000
brig,1001
eahc,1002
curcuma,1003
наведено,1004
wrc,1005
gfcm,1006
alli,1007
rapidli,1008
qudsiyah,1009
hussam,1010
consign,1011
geotherm,1012
arbitr,1013
intracomm,161
izvoznik,1015
fonctionnair,1016
authent,1017
achiev,1018
found,1019
valuat,1020
england,1021
multilater,1022
procedur,1023
realli,1024
unembroid,1025
portug,1026
reduct,1027
suoi,1028
research,1030
mughassil,1031
smuggl,1032
ftd,1033
occurr,1034
highway,1035
shaheen,1036
qualifi,1037
proxi,1038
dissoci,1039
scotraco,1040
simarro,1041
lifestyl,1042
believ,1043
fundfigur,1044
strasbourg,3697
maysaloun,1046
bilbao,1047
diaspora,1048
penetr,1049
hamcho,1050
major,1051
number,1052
rubrum,1053
precautionari,1054
ulster,1358
artola,1056
differ,1057
guest,1058
jet,1059
moutanabi,1060
saint,1061
illeg,1062
ammunit,1063
equu,1064
contro,1065
secretariat,1066
jabir,1067
greenhous,3629
olano,1069
consult,1070
temim,1071
grace,1072
produit,1073
iranian,1074
familienmitglied,1075
reus,4654
argentea,1077
vocat,1078
quarterli,1079
fishermen,1080
inflow,2200
deseasonalis,1082
comput,1083
beforehand,1084
defect,1085
packag,1086
bouthaina,1087
requisit,1088
eureka,6030
sell,1090
equival,1091
ancillari,1092
rechar,1093
exposit,1094
nanoelectron,1095
pipelin,1096
cinematograph,1097
plan,1098
grappa,6034
cover,1100
derecognit,1101
hamid,1102
abnorm,1103
bulletin,1104
golf,1105
jurisdict,1106
affix,1107
moroccan,1108
session,1109
freight,1110
reput,1111
impact,1112
ineffect,1113
equiti,1114
solut,1115
factor,1116
remedi,1117
dandelion,1118
beamt,1119
soleyman,1120
mainten,1121
allergen,1122
liabl,1123
ambiti,1124
crr,1125
synthet,1126
acut,1127
singapor,1128
tabba,1129
croatia,1130
crd,1131
cre,1132
river,1133
crm,1134
sew,1135
sex,1136
efsm,1137
sec,1138
emad,1139
sea,1140
proletaria,1141
efsf,1142
efsa,1143
jumah,1144
combattent,3709
guinea,1146
fission,1147
restructur,1148
thrive,1149
signatur,1150
europa,1151
amnistía,1152
incident,1153
dividend,1154
complementar,1155
renminbi,1156
bodi,1157
lactuca,1158
retent,1159
lase,1160
whole,1161
load,1162
serotina,1163
schedul,1164
loan,1165
leon,1166
rosa,6048
church,1168
sind,1169
identif,2560
devic,1171
proprietor,1172
monthli,1173
devis,1174
fonseca,3713
firm,1176
abolit,1177
tdca,1178
irrespons,2562
fire,1180
infect,1181
fira,1182
fund,1183
macroregion,1184
asparagu,3717
deport,1186
educ,1187
coton,6053
budget,19
durat,1190
error,1191
real,2564
pound,1193
paperboard,1194
von,1195
decor,1196
suwayda,1197
obsolet,1198
seek,3721
jableh,1200
minu,3722
read,2772
psc,2568
ingot,1204
ladi,112
euroscola,1206
communi,1207
alert,1208
focal,1209
recent,172
expens,1211
deplet,1212
academ,1213
qudsi,1214
salvo,1215
bilater,1216
tin,5688
mandat,1217
sheepmeat,1218
unsecur,1219
andorra,1220
horseradish,4140
biopharmaceut,1222
input,1223
australia,1224
transpar,1225
modernis,1226
europeaidfigur,1227
abduct,1228
formal,1229
leisur,1230
remuner,1231
rehabilit,1232
eyowh,1233
encount,1234
spring,398
palm,1236
sight,1237
greener,1238
battalion,1239
man,3269
broadband,1240
benefit,1241
recognit,446
recognis,1243
veterinari,1244
rosafarbigem,3701
bf,1246
bg,467
ba,1248
bb,1249
bc,1250
bl,475
bm,476
bn,1253
bo,479
bh,1255
agreement,481
bj,1257
othman,1258
bt,1259
bu,1260
bv,1261
bw,1262
bp,1263
bq,1264
prerequisit,493
bs,1266
matricaria,502
mortgag,1268
juvenil,1269
stafffigur,1270
hamra,1271
coexist,1272
materi,1273
matern,1274
consolari,1275
repair,1276
primarili,1277
repaid,1278
contributor,1279
durabl,1280
occupi,1281
azmeh,1282
submit,1283
custom,1284
crackdown,1285
suit,1286
jarrai,1287
fze,1288
tradit,3731
decomposit,1290
link,1291
atom,1292
line,1293
mitig,1294
hisham,1295
uy,1296
uz,1297
lieuten,1298
um,1299
cip,691
uk,1301
ue,1302
sapard,1303
ug,1304
ua,1305
refinanc,1306
supervisor,1307
chad,1308
reconcili,1309
cham,1310
halqi,1311
taro,1312
tuft,1313
invalid,1314
fazul,6070
agadir,1316
beasain,1317
wrongli,1318
eddeen,1319
ago,1320
furthest,1321
lane,1322
fighter,1323
agi,822
electromagnet,1325
age,1326
discrimin,1328
summit,1329
fresh,1330
code,1331
partial,1332
broaden,1333
landscap,5060
broader,1335
bvi,1336
vinifera,1337
procur,1338
turkish,1339
olymp,4922
young,939
send,1342
hryvnia,1343
visitor,3736
sens,1345
indemn,1346
sent,1347
garden,1348
disast,1349
tri,1350
recit,1351
fewer,1352
race,1353
leonardo,1354
vehicl,1355
impli,1356
haika,1357
agrarian,1055
natur,1359
tunisian,1360
mediterranean,1361
tdi,4859
unconsolid,1363
video,1364
oda,1365
childcar,1367
index,1368
zorrozua,1369
evacu,1370
multimedia,1371
indian,1372
gynaecolog,1373
bird,1374
aquacultur,1375
led,1376
leg,1377
lei,1378
lek,1379
len,1380
leo,1381
let,1382
leu,1383
lev,1384
lex,1385
residenti,1386
vinegar,1387
ctp,1388
technolog,1389
survey,1390
skin,3973
opinion,1391
rdi,1392
maker,1393
grower,1394
reinsur,1395
employe,1396
disciplin,1397
incumb,1398
sgd,1399
douba,1400
doubl,1401
upgrad,1402
next,1403
doubt,1404
remarksa,1405
remunerationchapt,1406
ministeri,1407
babi,1408
contagi,1409
kermanshah,1410
biomass,1362
gambl,1411
gherkin,1412
reproduct,1413
gholam,1414
pour,1415
drill,1416
buse,1417
melilla,1418
bent,1419
process,1420
pelvic,1421
outturn,1422
bena,1423
beni,1424
blvd,1425
crimin,1426
fahdl,1427
wareh,1428
waren,1429
kyrgyz,1430
actsconvent,1477
inhal,1432
kohlrabi,1433
takfir,1434
await,1435
npb,1436
tier,1437
ceil,1438
enshrin,1439
tomato,1440
alloc,1441
essenti,1442
seriou,1443
counter,1444
element,1445
issu,1446
allot,1447
allow,1448
alloy,1449
op,6094
movi,1451
interlocutor,1452
move,1453
cyclopia,1454
managementfigur,1455
perfect,1456
delay,1457
decay,1459
chosen,1460
hobbi,1461
publicis,1462
infrastructur,1463
decad,1464
monocarboxyl,1465
subparagraph,1466
recept,1467
prosper,1468
eupt,1469
overal,1470
kish,1471
launder,1472
eupm,1473
snake,3038
elgd,1475
decommiss,6146
fayssal,1029
subset,1478
societi,1479
luglio,1480
static,1481
bioterror,1482
bay,3756
variabl,1484
cese,1485
reflow,1486
reload,3071
bad,3758
fatherland,1489
creditworthi,1491
basistask,1492
aidfigur,1493
shut,1494
merjah,1495
regulatori,1496
unexpos,1497
oeil,1498
bam,3762
mainland,1500
transposit,1501
spill,1502
cremona,1503
length,1504
enforc,1505
outsid,1506
scarc,1507
softwar,1907
manuscript,1509
policytitl,1510
muhammad,1511
owner,1512
licens,1513
system,1514
uninsur,1515
termin,1516
licenc,1517
iotc,1518
rotunda,1999
quarri,1520
policiestitl,1521
managementappropri,1522
detaine,1523
steel,1524
terrestri,3727
изричито,1525
mihoub,1526
crèche,1527
stricter,1528
psycholog,1529
addeen,1530
steer,1531
partnership,1532
clearli,1533
trainer,2115
optimis,1534
atif,1535
messeng,1536
lill,1537
therewith,1538
accuraci,1539
discret,1540
securit,1541
awey,1542
discrep,1543
korean,1544
soar,2138
subconsolid,1546
glycin,1547
concess,6109
cipher,1549
segment,2176
ckd,1551
placement,1552
locust,2203
face,1554
diffus,6113
fact,1555
ghiath,1556
lebanes,1557
nutrit,1558
productionfigur,1560
bring,1561
rough,1562
asylum,1563
economist,1564
seizur,1565
nois,1566
царинско,1567
varavg,2277
tape,1569
ifca,1570
jae,1571
hope,1572
jaber,1573
meant,1574
insight,1575
xsum,1702
abba,1577
satisfact,1578
familiar,1579
ondarroa,2632
passeng,2320
autom,1582
mehran,1583
dyscalculia,1584
enef,4957
denmark,1586
číslo,1587
ohim,1588
aeo,1589
frame,1590
diplomatischen,1591
temporarili,1592
wire,1593
nuclear,1594
thermonuclear,1595
guipúzcoa,1983
kafan,1596
overpay,2638
piston,1598
email,1599
endivia,2484
hajj,1601
haji,1602
bilal,1603
foliosum,1604
movabl,4962
disput,2497
grass,6118
floricultur,1608
drug,1609
etc,1610
gleichen,1611
etf,1612
rami,1613
ck,1614
ci,1615
ch,1616
co,1617
cn,1618
cm,2557
cl,2558
cc,1621
cb,1622
ca,1623
cg,1624
cf,1625
ce,1626
migrant,3355
cz,2577
cy,2578
cx,1630
ucc,1631
oregano,1632
toler,1633
cs,1634
cr,1635
cq,1636
tsa,1637
cw,1638
cv,1639
cu,1640
ct,1641
quotat,1642
farah,2611
insuffici,1644
biorefineri,1645
feather,1646
wecafc,1647
ls,1648
eumm,1649
dibba,6123
attalea,1651
lgf,1652
bassam,1653
lgd,2666
deliber,2670
togeth,1657
qasim,1658
spain,1659
therefor,1660
laser,1661
afforest,1662
munzir,1663
rbr,2691
intranet,1665
maté,4976
chernobyl,2716
va,1668
vc,2722
ve,1670
vg,1671
vi,1672
site,2732
vn,1674
archiv,4738
vu,1676
incom,1677
situ,959
juan,1679
intra,6132
echeberria,1680
outbreak,1681
competit,1682
ball,1683
expans,1684
drink,1685
upon,1686
coffe,1687
phd,2848
php,2843
broccoli,1690
strateg,1688
audit,1692
cefalonia,1693
diversifi,2863
indonesia,1695
mukhabarat,1696
dinar,2871
exampl,1698
polym,1699
audio,1701
facilit,1474
lest,1704
mastic,1705
paul,1706
demograph,1707
sulphat,1708
web,1709
arrest,1710
exempt,1711
wez,1712
government,1713
sativum,1714
haul,1715
desk,1716
belgium,1717
recurr,1718
resid,1719
paramet,5784
onion,1720
maghrebeh,1721
corpor,1722
resin,1723
crise,1724
imprison,1725
crisi,1726
incent,1727
habitat,1728
captur,1729
deliciosa,1730
esculenta,5265
intoler,1731
cyclon,3787
vse,1733
guarante,3082
sharqia,1735
transport,1736
avoid,1737
eaec,6144
stairway,1739
belal,1740
naft,1741
mantl,1742
preferenti,1744
skelet,1745
nafo,1746
stage,1747
sister,1748
world,4753
drugačij,1750
documentari,1751
krw,1752
prudenti,1753
rustum,1754
burma,1755
assess,1756
sehanya,1757
mere,1758
merg,1759
commission,3794
slovakia,1762
bd,1763
function,3289
reduc,2669
reservesarticl,1766
basin,3799
count,1768
économiqu,1769
veget,1770
smooth,3343
monument,1772
otherwis,1773
problem,1774
irish,1775
basispilot,1776
khald,1777
int,1778
actinidia,1779
telex,6152
tafisa,1781
sudanes,1782
ini,1783
ink,1784
inc,1785
sexual,4991
varieti,1787
hamoudeh,1788
matrix,1789
outsourc,1790
switchov,1487
stecf,1791
rule,3502
pension,1793
rural,1794
defend,4993
nurseri,1796
khalil,1797
batasuna,1798
deviat,1799
hedg,1800
worth,1801
ale,6162
cauliflow,1803
cmo,1804
hossein,1805
poppi,1806
undersign,1807
pesticid,1808
jassem,1809
codif,1810
speci,1811
исправом,1812
horn,1813
chef,1814
consequ,1815
hors,1816
inshor,1817
kaliningrad,1818
longstand,1819
supervis,1820
settlement,6170
desertif,1822
biolog,6202
verum,1823
remarksund,1824
calcul,1825
ayman,1826
participatori,307
countriesfigur,1828
culham,1829
redeploy,1830
locomot,1831
pursuit,1832
paraffin,1833
assistancefigur,1834
daughter,1835
envoy,1837
vellat,1838
edicom,1839
ako,1840
smoke,1841
ausländerauswei,1842
glp,1843
anarchist,1844
haroon,1845
newspap,1846
qui,1847
attitud,1848
brl,3886
atrium,1850
total,1851
highli,1852
plot,1853
doha,1854
mitglied,1855
blueberri,3917
buthaina,1857
memoranda,1858
fzad,3824
giovanni,1860
kerosen,1861
award,1862
tariff,1863
erw,1864
word,1865
restor,1866
neglig,6178
work,1868
worn,1869
erd,1870
erf,1871
era,1872
erc,1873
jamal,4019
aestivum,4043
indic,1876
coalit,1877
uah,1878
tomentosa,1879
ordinari,1880
egyptian,6182
agona,1881
carriera,1882
interview,1883
verifi,1884
photocopi,1885
lao,1886
recogn,1887
chines,1888
earlier,1889
lab,1890
adib,1891
lgbti,1892
lay,1893
lat,1894
rebal,1895
law,1896
demonstr,1897
harmoni,316
publicrel,1899
domin,1900
detent,1901
greek,1902
green,1903
greec,1904
zea,1905
incit,1906
endors,1508
diagnos,1908
consent,1909
insolv,6189
ramadan,1911
typewrit,1912
incid,1913
sohaib,1914
japan,1915
flexibl,1916
ticket,6191
iaea,1918
savori,1919
avocado,1920
offic,1921
guineens,1922
coffea,1923
safi,1924
fragment,1925
safe,1926
break,1927
band,1928
lifelong,1929
bank,1930
bread,1931
unfccc,1932
derecogn,1933
smartphon,1934
activitiestitl,1935
sensitis,6125
mentha,1936
network,1937
diesel,1938
fellowship,1939
palai,1940
barrier,1941
standard,1942
nth,1943
techno,1944
ahwaz,1945
ntd,1946
angl,1947
renew,1948
baltic,1949
refil,327
render,1952
independ,1953
makhluf,1954
thick,1955
armati,1956
chinensi,1957
nomin,1958
mazzeh,1959
zigor,1960
confectioneri,1961
qasem,1962
gooseberri,1963
john,1964
kiwi,1965
solvit,1966
cereal,1967
hazelnut,1968
domestica,1969
target,1970
arluno,1971
remarksani,1972
merci,1973
iron,1974
provis,1975
truffl,1976
manner,1977
strength,1978
recreat,1979
laden,1980
latter,1981
microfin,332
transmit,1984
federazion,1985
revalu,1986
germani,1987
maiden,1988
iceland,1989
usama,6210
phase,1991
merjeh,1992
salamiya,1993
maritim,1994
hanna,1995
leaflet,1996
bracket,1997
ashrafiyat,1998
accompani,1519
unchang,334
oppress,4851
opposit,2002
madeira,2003
identifi,3860
consolid,2005
idabc,2006
cartagena,2007
helpdesk,2008
predecessor,2009
dm,2010
dj,2011
dk,2012
dg,2013
dd,2014
dc,2015
hussain,2016
resecuritis,4947
dz,2018
cryptographi,2019
dy,2020
dw,2021
du,2022
dr,2023
ema,2024
diabet,2025
emc,2026
unmet,2027
secretari,2028
emu,2029
gaug,2030
steam,2031
ecodesign,2032
impun,2033
mustafa,2034
ausführer,2035
optimum,2036
awar,2037
drawn,2038
wf,5092
breakaway,2040
familiaris,2041
ws,2042
horsehair,2043
rapporteur,2044
kitchen,2045
cop,2046
cor,2047
cow,2048
ilo,2049
ill,2050
superlevi,2051
suheil,5142
shaaban,2053
disarma,2054
antifascist,2055
com,2056
col,2057
widen,2058
applianc,2059
pimpinella,2060
tonn,2061
wider,2062
unrealis,2063
guid,2064
strong,2706
revenu,2067
subscrib,2068
prison,345
jojoba,2070
taxat,2071
kifah,2072
syron,2073
physician,2074
gnp,2075
ident,2076
ait,2077
properti,2078
aouragh,2079
air,2080
aim,2081
eiopa,2082
turnip,2083
publicli,2084
aid,2085
aif,5301
spécial,2087
bastir,2088
canarium,2089
hebrew,2090
csju,2091
perform,2092
heikmat,2093
fragil,2094
evid,2095
nib,2096
consulair,2097
balkan,2098
rail,2099
hand,2100
norwegian,2101
rais,2102
counterparti,2103
traffick,2104
nasif,2105
kept,2106
scenario,2107
thu,2108
epr,2109
client,2110
wherebi,2111
thi,2112
elaei,2113
campu,2114
medicin,2717
kale,2116
photo,2117
elabor,2118
kaboun,6223
victim,2120
impregn,2121
jose,2122
help,2123
spread,2124
board,2125
areath,2126
plasma,2127
lcr,2128
snnn,2129
retread,2130
fusion,2131
bassel,2132
cape,2133
taleghani,6225
abdalla,2135
programmesfigur,2136
night,2137
documento,1545
oxid,2139
remarksthes,2140
percentag,2141
born,2142
bore,2143
mazen,2144
preliminari,5055
josé,2147
ossetia,2148
affairsgener,2149
overcom,2150
plu,2152
peel,2153
pose,2154
освен,2155
confer,2156
tomto,2157
repositori,2158
peer,2159
post,2160
literatur,2162
qadour,2163
visa,2165
horizon,2166
plencia,2167
regularis,2168
float,2169
profession,2170
bound,2171
slcb,2172
opportun,2173
wai,2174
oecd,2175
sorohco,3557
wad,2177
sovereign,2178
fight,2179
abdorreza,2180
paediatr,2181
wax,2182
bahrat,2183
war,2184
lowest,2185
autonom,6231
solidar,2187
zoulhima,2188
kouatli,2189
peninsula,2190
catalyst,2191
true,2192
familiari,2193
maximum,2194
veterinarian,2195
absenc,2196
isin,2197
emir,2198
retir,2199
alongsid,2201
kilometr,2202
stronger,1553
xiii,2205
subsist,2206
itemthi,2207
brucellosi,2208
naja,2209
uncoat,2210
najm,2211
sattar,2212
test,2213
kenyan,2214
shrink,2215
realiti,2216
outreach,2217
permanenti,6237
remarksth,2219
chairperson,2221
dulci,2222
concept,2223
consul,2224
global,2225
known,6240
supplement,2227
middl,2228
grape,2229
zone,2230
flask,2231
congest,2232
octob,2233
maala,2234
esdp,2235
salvador,6245
administr,2237
abdol,2238
iniziativa,2239
reconcil,2240
gun,2241
gum,2242
respiratori,2243
tayseer,2244
woven,2245
upper,2246
scarciti,2247
cosm,2248
cost,2249
precipit,2250
cargo,2251
actspropos,2252
appear,2253
medal,1550
uniform,2254
appeal,2255
insecur,2256
defici,2257
coeffici,2258
anneau,2259
satisfi,2260
teacher,2261
sytrol,2262
precursor,2263
trial,2264
evhac,2265
isoglucos,2266
regardless,2267
extra,2268
marker,2269
mobil,2270
firearm,2271
market,2272
decolouris,2273
prove,2274
alba,2275
live,2276
jam,1568
ercc,2278
physali,2279
club,2280
cfca,2281
carissa,2282
poseican,2284
graphic,2285
ibn,2286
car,2287
prepar,2288
cap,2289
kasaa,2290
focu,2291
cat,2292
graphit,2293
can,2294
pretoria,2295
artigiana,2296
heart,2297
mazza,2298
obuhvaćenih,2299
spp,2300
topic,2301
heard,2302
abort,2303
mullein,2304
spa,2305
spc,2306
occur,2307
occup,2308
multipl,2309
mayott,2310
economi,2311
write,2312
heterocycl,2313
flank,2314
paedophil,2315
product,2316
southern,2317
motorway,2318
aou,2319
pave,5080
drastic,2321
loophol,2322
abdo,2323
kuri,2324
explicit,2325
michel,2326
offenc,2327
forfeit,2328
haircut,2329
koruna,2330
areatitl,2331
brain,2332
nitrogen,2333
aenea,2334
cold,2335
dynam,2336
cola,2337
ethic,2338
conjunct,2339
precondit,2340
window,2341
artisan,2342
factual,2343
norway,2344
non,2345
halt,2346
nok,2347
supersed,2348
hala,2350
taliban,2351
half,2352
recap,2353
provision,2354
discuss,2355
introduct,2356
servant,2357
drop,2358
magazin,2359
stockholm,2360
jamea,2361
em,2362
domain,2363
ei,2364
eh,2365
ee,2366
ed,2367
eg,2368
ea,2369
eb,2370
sandwich,6263
ex,2372
year,2373
et,2374
happen,2375
ep,2376
es,2377
er,2378
album,2379
shown,2380
accomplish,2381
absorpt,2382
space,2383
enriqu,2384
ricefigur,2385
suleiman,2386
cart,2387
marino,2388
argo,2389
baraa,2390
hoceima,2391
card,2392
care,2393
jeopardis,2394
british,2395
profess,2396
blind,2397
romania,2398
xi,2399
glasswar,6064
xx,2400
fi,2401
shawkat,2402
ring,2403
tomorrow,2404
size,2405
sheep,2406
sheet,2407
yim,2408
producersfigur,2409
breed,2410
cumul,2411
courier,2412
especi,2413
dowgielewicz,2414
mostli,2415
tehran,2417
interbank,2418
recruit,2419
breydel,2420
magnesium,2421
другачије,2422
extinguish,2423
nizar,2424
fork,2425
angel,2426
mughniyah,2427
iz,1849
balbisiana,2428
deliv,2429
slab,2430
engin,2431
satellit,2432
reserveth,2433
wco,2434
begin,2435
price,2436
ayadi,2437
america,2438
basisstaff,2439
unalloc,2440
bere,3938
ecai,2442
ecac,2443
megatrad,2444
zillat,2445
mrl,2446
ismael,2447
steadi,2448
german,2449
taraxacum,2450
concurr,2451
fifth,2452
ground,2453
snack,2454
ratio,2455
proportion,2456
ratif,2457
cucumb,2458
ifmif,2459
sierra,2460
anhydrid,2461
pumpkin,2462
на,2463
baghdad,2464
cannot,2465
held,2466
leather,2467
medlar,2468
expedi,2469
telecommun,2470
bulgaria,2471
undertakingfigur,2472
smallhold,2473
concert,2474
europeana,2475
reiter,405
transnat,2477
psap,2478
annona,2479
estat,2480
jti,2481
herbal,674
cardiovascular,2483
actsconclus,1600
bruge,2486
pertain,2487
moni,2488
mont,2489
ragwe,2490
ccmi,732
lignit,2492
overview,2493
juncea,2494
dispatch,2495
exploit,2496
actscommiss,1606
ftth,2498
damag,2499
dyslexia,2500
carer,2501
rebuild,805
oder,2503
surplu,2504
krona,2505
avian,2506
krone,2507
interregion,2508
rubu,2509
aviat,2510
eip,2511
eit,2512
diagnost,3944
bania,2514
mamlouk,2515
escoriaza,2516
eib,2517
eig,2518
eif,2519
sorghum,2520
forbear,2521
erad,2522
heni,2523
rwa,2524
soil,2525
metric,2526
henc,2527
abousofian,2528
kenya,2529
waterway,2530
teheran,2531
inquiri,2532
media,2533
medic,2534
furskin,2535
countriesfinanci,2536
sentenc,2537
document,2538
lita,2539
finish,2540
arctic,2541
fruit,2542
ccp,2543
ccn,2544
cce,2545
overs,2546
taxi,2547
hassun,2548
livestock,2549
excel,3948
armour,2551
acfa,2796
cambodia,2552
exacerb,2553
speed,2554
death,2555
europ,2556
indica,1619
refurbish,2559
lender,1170
treatment,2561
versa,1179
eurom,2563
earli,1192
vasca,2565
spectacular,2566
drissi,2567
outermost,1203
specimen,2569
pigmeatfigur,2570
pse,2571
unwrought,2572
psp,2573
amr,2574
rear,2575
blackberri,2576
distil,1628
mohamad,1629
leek,2579
pharmaceut,2580
ehealth,2581
manpow,2582
output,2583
matur,3951
eddin,2586
cp,2587
characteris,2588
beruf,2589
deficit,2590
nanotechnolog,2592
wheat,2593
valletta,1366
sixth,2595
srb,2596
comparison,2597
deflat,2598
central,2599
choi,2601
sri,2602
vicolo,2603
degre,2604
journey,2605
agglomer,2606
underway,2607
underwat,2608
processor,2609
youn,2610
obstacl,1643
akhnikh,2612
nurs,2613
airlin,2614
cvam,2615
spaak,2616
europass,2617
log,2618
lod,2619
area,2620
ergonom,2621
loi,2622
start,2623
low,2624
lot,2625
submiss,2626
premis,2627
expenditurefigur,2628
refundsarticl,2629
satur,2630
groat,2631
hire,1580
fraud,2633
ivoir,2634
dominican,2635
default,2636
bucket,2637
miguel,1597
vm,1673
expenditurechapt,2639
tahar,2640
mutil,2641
scanner,2642
horticultur,2643
encumbr,2644
syriatel,2645
fugit,2646
hijra,2647
decreas,2648
inulin,1667
saleh,2650
solaimani,2651
nouredin,2652
sulaiman,2653
nagorno,2654
guaranteedecis,2655
brokerag,2656
eessi,2657
valid,2658
sevillano,2659
juic,2660
poor,2661
registri,2662
fazil,2663
pear,2664
peam,2665
eumc,1654
peac,2667
pool,2668
fiscal,1765
neighbour,1655
repay,2671
repar,2672
corep,2673
durango,2674
month,2675
correl,2676
nigrum,2677
carpet,2678
vs,1675
foster,2679
angustifolium,2680
mpm,2681
mechan,2682
verd,2683
bligni,2684
fontainebleau,2685
maximis,2686
circuit,6318
segi,3972
dimens,2688
abdelrazik,2689
eurotech,5307
hamper,1982
najib,2693
nano,2694
kassouha,2695
ast,2696
learner,2697
consecut,2698
rurban,2699
pacif,2700
theatric,2701
suhail,6534
modular,2702
kimo,2703
trunk,2151
zanthoxylum,2705
iraq,2066
modifi,2707
networkfigur,2708
eurodac,2709
llah,2710
asa,2711
soldier,2713
amount,2714
refundsfinanci,2715
cva,6477
iosco,2204
jrc,2718
father,3979
arzallu,2720
aziz,2721
purchas,1669
famili,2723
intergovernment,2724
iraqi,3982
nabil,2726
injuri,2727
reclassif,2728
formul,2729
chestnut,2730
preciou,2731
euterp,2220
frontex,2733
iñaki,2734
histori,2735
consortia,2736
nine,2737
yemen,2738
oilfield,2739
sharaa,2740
delegationsfigur,2741
templat,2742
phrase,2743
albu,2744
fethi,2745
nepeta,2746
comeniu,2747
american,2833
foreseen,2749
afriqu,2750
jdiid,2751
reject,2752
fp,2753
fr,2754
fu,591
fx,2756
gase,2757
compulsori,2758
fa,2759
trier,2760
embrac,2761
fe,2762
ff,2763
aerodrom,2764
fj,2765
fk,2766
fm,2767
fo,2768
coerciv,2769
stabil,2770
lifetim,2771
egp,2773
overnight,2774
egg,2775
egf,2776
casablanca,2777
soon,2778
paramed,2779
commonli,2780
thermal,2781
hierarchi,2782
uva,2783
eros,2784
fundfinanci,2785
lira,2786
revenuefinanci,2787
cef,2788
petten,2789
food,2790
cen,2791
ye,2792
adra,2793
fadil,2794
cer,2795
eugenia,2145
foot,2797
yt,2799
mossack,2800
sabuni,2801
ifr,2802
cannabi,2803
radiat,2804
fulli,2805
intervent,2806
trailer,2807
heavi,2808
tawil,2809
dib,2810
toumi,2811
beyond,2812
event,2813
safeti,2814
robert,2815
dawud,2816
michelena,2817
sustain,2818
truste,2819
textil,2820
hihgest,2821
dirt,2822
reason,2823
base,2824
ask,2825
asi,2826
earliest,2827
precari,2828
launch,2829
aesculu,2830
khaleel,2831
sheikh,2832
liaison,2748
basisfor,2834
syria,2835
undergo,2836
habit,5505
assign,2837
obviou,2838
csdp,2839
elder,2840
viridi,2841
miss,2842
afghan,1689
aiadi,2844
judgment,2845
transporttitl,2846
station,2847
expand,1691
nigeria,2849
scheme,2850
banana,2851
adhes,2852
adher,2853
jamil,2854
vares,2855
jarad,2856
ste,2857
grey,2858
bridg,2859
store,6333
consumpt,2861
toward,2862
colour,1694
hallaq,2864
novat,2865
spezialmissionen,2866
macao,2867
lie,2868
unintend,2869
tranch,2870
telemat,1697
apicultur,2872
stapl,2873
lit,2874
labour,2875
herri,2876
transboundari,2877
kad,2878
virgin,5654
rhu,2879
mixtur,2880
kozloduy,2881
capitalis,2882
alpha,2883
rhd,2884
tonga,2885
chaussé,2886
clear,2887
yasir,2888
salari,2889
clean,2890
usual,5158
blend,2892
tuber,2893
phenomenon,2894
devolv,2895
sheik,2896
coturnix,2897
coerc,2898
northern,3162
balsamo,2900
queu,2901
workforc,2902
zambia,2903
brigata,2904
intensifi,2905
nativ,2906
streifen,2907
pouteria,2908
boost,478
vial,6342
switzerland,2911
plough,2912
close,2913
whatsoev,2914
deriv,4014
deir,2916
particip,2917
internalis,2918
won,2919
guardian,2920
juglan,3328
urtica,3337
produkten,2923
catalogu,2924
heidar,2925
ziziphu,2926
numer,2927
isol,2928
spray,2929
distinguish,2930
energytitl,2931
eggplant,2932
prnd,2933
emsa,2934
femip,2935
format,2936
ermächtigt,2937
soyabean,2938
vessel,3439
napu,2940
unsuccess,2941
stamp,2942
empti,2943
waiv,2944
strengthen,6348
threaten,2946
napl,2947
imad,2948
imag,2949
deter,2950
coordin,2952
irgc,2953
partli,2954
liver,2955
cobnut,2956
pact,2957
look,2958
invit,4022
governor,2960
turnov,6425
match,2961
maysat,2962
makhmoud,2963
fleet,3573
fixtur,2965
loop,2966
pack,2967
jpi,2968
readi,2969
ixel,488
belkassem,2971
fairer,2972
gimp,2973
shar,2974
mauritiu,2975
grant,2976
eduli,2977
belong,2978
phaseolu,2979
grang,2980
grand,2981
ester,2982
radiolog,2983
conflict,2984
sham,2985
optic,2986
optim,2987
inflat,2988
temporari,2989
user,2990
yuan,2991
specialis,2992
older,2993
poland,2994
grind,3720
gsa,2996
lil,2997
auditor,2998
zafer,2999
ambassador,3000
violat,6355
allium,3002
administ,3003
taiwan,3767
informal,3005
informat,3007
subsequ,3008
rahim,3009
marco,3010
shiftrail,3011
istithmari,3012
game,3013
characterist,3014
amara,3015
kyrgyzstan,3016
microcredit,3017
pillar,3887
resolv,3019
manifest,3020
paramilitari,3021
eed,3022
eea,3023
eec,3024
urgenc,3025
creation,3026
prenat,3027
urgent,3028
gracia,3029
chocol,3030
remarkshav,6361
debri,3032
sarajevo,3033
run,3034
omfattet,3035
raspberri,3036
ruf,3037
stem,3039
satureja,3040
step,3041
achi,3042
subtract,3043
abroad,3044
franco,4035
deceas,3046
bureaux,3047
traceabl,3048
papua,3049
latvian,3050
idi,3051
block,3052
ida,3053
mezzanin,3054
dioica,4120
slovak,3057
ensur,3058
connector,4039
triangl,3331
bangladesh,3061
dawwa,3062
achirica,3063
properli,3064
kerdaha,3065
monnet,3066
yusef,3067
russian,4209
azor,3069
étranger,4217
foresight,3072
munit,3073
munir,3074
similar,3075
xanthosoma,3076
shahlai,3077
chafea,3078
shahlae,3079
lectur,3080
incomplet,3081
linkevičiu,4290
overijs,3083
kidney,3084
cotton,3085
reintegr,3086
pronounc,3087
titl,3088
enpi,3089
naw,3090
department,3091
draw,3092
claus,3093
origanum,3094
albisu,3095
reportedli,3096
epanastatiko,3097
epanastatiki,4381
depth,3099
rubl,3100
childmind,3101
gw,3102
gu,3103
gt,3104
gs,3105
gr,3106
gq,3107
gp,4440
gy,3109
gg,3110
gf,3111
ge,3112
gd,3113
gb,3114
ga,3115
soleimani,3116
gn,3117
gm,4461
gl,3119
mufleh,3120
gi,3121
gh,3122
compact,3123
photovolta,3124
friendli,3125
decongest,3126
reorganis,3127
aris,3128
fadlallah,3129
fond,3130
envelop,3131
misappl,3132
konsularischen,3133
wave,3134
maan,3135
tlass,3136
mauritania,3138
olaf,3139
gender,3140
button,3141
unquot,3142
zm,3143
zi,3144
picket,3145
khalifa,3146
pornographi,3147
za,3148
policymak,3149
vaccin,3150
booth,3151
zz,3152
zu,3153
cartel,3154
colonel,3156
cell,3157
experiment,4661
brunei,3159
becom,3160
convert,3161
convers,4714
producto,3163
damascu,3164
genu,3165
hojjatoleslam,3166
repen,4733
buckwheat,3168
chang,3169
chanc,3170
revoc,3171
danger,3172
revok,3173
win,4759
austria,3175
wit,3176
decatis,3177
tauru,3178
fibr,3179
implic,3180
camera,3181
expiri,3182
malawi,3183
adequaci,1761
symposia,3185
ecoa,3186
mismatch,4841
efca,3188
levisticum,3189
salad,3190
perceiv,3191
salah,3192
renov,3193
salam,3194
meet,3195
control,3196
unoccupi,3197
vigna,3198
sought,3199
overse,3200
africanu,3201
narr,4960
talal,3203
filament,3204
fare,3205
fragaria,3206
farm,3207
faro,3208
activitiesa,3209
fari,3210
farj,3211
ezzedin,3212
xenophobia,3213
quwatli,3214
sambucu,3215
agenda,5054
cattl,3217
výrobki,6388
outer,3219
consensu,3220
xxviii,3221
lithuania,3222
nanosci,3223
handl,3224
literaci,3225
tribun,3226
slide,3227
mode,3228
commonwealth,3229
globe,3230
serbia,3231
mollusc,3232
turnkey,3233
afpc,3234
salmonellosi,5243
influenc,3236
dijla,3237
discharg,3238
remiss,3239
activist,3240
suitabl,3241
hardwar,3242
ece,3243
ecc,5281
ecb,3245
pharmacopoeia,3246
navedeno,3247
hamraoui,3248
undu,3249
ecr,3250
advisor,3251
kiribati,3252
farzat,3253
timet,3254
segreg,3255
keep,3256
counterpart,3257
elector,3258
elarg,3259
abdallah,3260
burkina,3261
qualiti,3262
mouham,3263
congo,3264
disaggreg,3265
attach,3266
attack,3267
privaci,3268
dahir,5446
final,3270
prone,3271
rsi,3272
rsd,3273
methodolog,3274
sy,3275
jadaan,3276
cichorium,3277
exactli,3278
banknot,3279
bek,3280
photograph,3281
ben,3282
polyamid,4086
bed,3283
bee,3284
payam,3285
peacebuild,3286
bet,3287
exhibit,3288
deliveri,1764
skłodowska,3290
thereto,3291
tabl,3292
need,3293
border,3294
uptak,3295
εc,3296
radioact,3297
zoonos,3298
deploy,3299
galleri,3300
sc,3301
trainingfigur,3302
regi,3303
fuell,3304
urg,3305
sectori,3306
uri,3307
issuanc,3308
inde,3309
ifric,3310
businessman,3311
apparatu,3312
affair,3313
passu,3314
indoor,3315
muhand,3316
hadi,3317
ngo,3318
basel,3319
rash,3320
manufactur,3322
fuel,3323
discontinu,3324
iztueta,3325
uniontitl,3326
antarct,3327
buyer,3329
endless,3330
enabl,3332
tobacco,3333
countrysid,3334
securitytitl,3335
sha,3336
exhum,2922
ecosystem,3338
navarra,3339
widow,3340
legaci,3341
aegean,3342
municip,1771
funer,3344
orphan,3345
nasturtium,3346
shaar,3347
latin,6406
yugoslavia,3349
immov,3350
cyclotron,3351
erklærer,3352
statu,3353
drex,3354
written,3356
tyre,3357
lui,3358
neither,3359
sold,6408
copernicu,3362
key,3363
monitor,4107
roig,3365
career,3366
sesar,3367
admit,3368
ami,3369
wajih,3370
jersey,3371
burhan,3372
cooperationfigur,3373
budgetari,3374
zamrini,3375
harmonis,3376
barakat,3377
sari,3378
caretak,3379
reptil,3380
addition,3381
yam,3382
treat,3383
nayef,3384
vinci,3385
stakehold,3386
otc,3387
furnitur,3388
pig,5233
ingredi,3390
debtor,3391
novel,3392
salman,3393
glossari,3394
engag,3395
sulphon,3396
revis,3397
scienc,3398
welcom,3399
began,3400
tripoli,3401
autism,3402
speaker,3403
northwest,3404
underground,3405
sclerosi,3406
ecic,3407
http,3408
absorb,3409
initi,4118
eurofound,3411
weld,3412
ama,3413
poultri,3414
siba,3415
luxembourg,6076
undefin,3416
distanc,3417
noemvri,3418
increasingli,3419
skill,3420
detain,3421
dair,3422
aerial,3423
warrant,3424
imparti,3425
fatf,3426
prefabr,3427
eksportøren,3428
munich,3429
burden,3430
loss,3431
lost,3432
bechir,3433
lose,3434
candl,3435
page,3436
basisdirect,3437
phenomena,3438
batteri,2939
redress,3440
jarroucheh,3441
home,3442
librari,3443
baracaldo,3444
organizzazioni,3445
broad,3446
overlap,3447
estim,3448
ispra,3450
milkfat,3451
encourag,3452
syrian,4402
reza,3453
offset,3454
legitimationskart,3455
monetari,3456
refuge,3457
izričito,3458
cranberri,3459
tortur,3460
zghraybih,3461
washington,3462
diagon,3463
liberalis,3464
museum,3465
themat,3466
itihaad,3467
pa,6435
inner,3469
fistula,3470
holist,3471
tarragon,3472
netherland,3473
north,3474
hamshointl,3475
khouzestan,3476
hs,3477
liquefi,6582
ht,6776
hu,3479
hk,3480
neutral,3481
valerian,3482
gain,3483
technician,3484
hc,3485
eas,3486
highest,3487
artemisia,3488
dama,3489
étude,3490
displac,3491
unlock,4133
limit,3493
fermín,3494
strategi,6446
display,3496
subordin,3497
sponsor,588
документ,1081
reciproc,3499
evalu,3500
umayyad,3501
eom,1792
surcharg,4134
raphanu,3504
futur,3505
basiscondit,3506
conting,3507
pupil,5253
windfal,3508
fodder,3509
stay,3510
staf,3511
foil,3512
spectacl,3513
midani,3514
saladin,3515
indirectli,3516
portion,3517
frankfurt,3518
paperless,3519
developmenttitl,3520
légitim,3521
uzbekistan,3523
protest,3524
asian,3525
captain,3526
tajikistan,3527
plenari,3528
ccamlr,3529
whose,3530
accur,3531
aud,3532
antimicrobi,3533
aum,3534
swap,3535
obligor,3536
downstream,3537
driss,3538
void,3539
voic,3540
kerdala,3541
stolen,6456
govern,3543
affect,3544
vast,3545
upu,3546
mahir,3547
grotiu,3548
chafiq,3549
aggreg,3550
chafik,3551
chafig,3552
illumin,3553
asif,215
panama,3555
asid,3556
asia,3558
hasaka,3559
net,3560
litchi,3561
hectar,245
med,3563
elimin,3564
centric,3565
trialogu,3566
aquat,3567
henrik,3568
drew,265
restat,3570
met,3571
osha,278
meteorolog,2964
muhamad,3574
interpret,3575
adawi,3576
dri,3577
credit,3578
permit,3579
drc,3580
jami,3581
counti,3582
odorifer,3583
volunt,3584
myanmar,341
avenu,3586
gaseou,3587
svizzero,3588
circumvent,3589
costantin,3590
compris,6291
passionfruit,1559
calv,3592
halogen,3593
overhead,399
recommend,3595
bead,5084
type,3596
manssor,3597
warn,3598
berlin,3599
grandfath,3600
adult,3601
shahid,3602
worst,6187
flora,3603
room,3604
agropol,3605
roof,3606
olea,3607
akin,3608
endow,487
hizb,3610
defer,3611
immunis,3612
climat,3613
give,3614
milihous,516
carica,3616
quot,3618
polic,3619
soroh,3621
autonomi,3622
khayrbik,3623
answer,3624
negoti,3625
officechapt,578
confid,3627
remarksnew,3628
lithuanian,595
khaldoun,3630
qadam,41
sahnaya,3632
geolog,3633
ovi,3634
biotechnolog,3635
teleprint,3636
overtaken,625
confeder,3638
fungi,3639
maintain,3640
oper,608
fifg,3642
afiq,3643
afif,3644
privileg,3645
copyright,2899
streamlin,3646
personal,3647
personam,3648
hezbollah,3649
uniflor,3650
crew,3651
better,3652
durum,3653
persist,3654
anim,3655
therapi,3656
eyad,3657
workout,3658
multiflor,3659
microfilm,3660
mxn,3661
promis,3662
meat,3663
bonu,3664
bonn,3665
roast,3666
oblig,3667
meal,801
bone,3669
bond,3670
combust,823
taught,3672
extract,3673
eacea,3674
modini,3675
paymentfigur,3676
open,613
crucial,3677
content,3678
reader,896
quantifi,3680
venezuela,3681
situat,3682
bldg,3683
tfeu,927
welfar,3685
sfax,3686
iso,3687
isa,3688
belaru,992
fatti,3690
thereon,3691
grade,3692
biomed,3693
unlik,3694
robust,6479
agre,3696
acquaint,1045
spinach,3698
sometim,3699
draft,3700
је,3702
mutati,3704
helen,3705
aouadi,3706
pamplona,3707
naim,3708
anbouba,57
solomon,3710
mini,3711
goederen,3712
cinnamomum,1175
modern,3714
mind,3715
mine,3716
ginger,1185
seed,3718
seem,3719
petroiran,2995
mint,1199
ständigen,1201
echegaray,3723
gorka,3724
qala,3726
furat,2161
marin,3728
regular,3729
maria,3730
zealand,1289
simplif,3732
alarm,3733
dog,3734
comunismo,3735
ecsel,1344
graveolen,3737
endeavour,6491
celeri,3739
despit,3740
chehabi,3741
acquir,3742
pledg,3743
explain,3744
echinacea,3745
sugar,3746
deforest,3747
stop,3748
compli,3749
coast,3750
stoa,3751
collabor,6492
earn,3753
bar,3754
pericl,6493
qaida,1483
bag,3757
carota,1488
troop,3759
palmigiani,3760
ban,3761
linguist,1499
attest,3763
unfavour,3764
migratori,3765
aidcp,3766
employmentfigur,3004
brazil,3768
scrap,3769
sail,3770
eota,3771
attribut,3772
omc,3773
cousin,3774
anarchica,3775
desegreg,3776
adolesc,3777
gogeascoechea,3778
angustifolia,3779
und,3780
uncertainti,3781
frtd,3782
typist,3783
loader,3785
cepol,3786
jesú,1732
apprentic,3788
quinc,3789
ether,3790
liabil,3791
parsley,3792
specul,3793
chrysanthemum,1760
trigger,3795
interest,3796
basic,3797
basil,3798
repatri,1767
caballu,3800
emff,3801
deeper,3802
mushroom,3803
suppress,3804
dismiss,3805
efficaci,3806
deepen,3807
mohammad,3808
alleg,3809
tank,3810
affirm,3811
servic,3812
near,3813
occas,3814
anchor,3815
ix,3816
seven,3817
cane,3818
bizcay,3819
mexico,3820
iq,3821
ip,3822
theatr,3823
ir,1859
iv,3825
ii,3826
iccat,3827
dokument,3828
im,3829
il,3830
io,3831
ia,3832
ic,3833
ie,3834
sever,1490
grown,3836
retex,636
receiv,3838
agreementsfigur,3839
mahmud,3840
warsaw,3841
cellulos,3842
warder,3843
sterilis,3844
palacio,3845
kit,3846
garlic,3847
kic,3848
bequest,3849
studi,2798
butter,3851
qualif,3852
endiv,3853
qualit,3854
thawra,3855
rome,3856
roma,3857
programm,3858
enisa,3859
protocol,2004
yen,3861
unfair,3862
lubana,3863
human,3864
disinform,3865
yet,3866
languag,3867
biscay,3868
character,3869
qccp,3870
defray,3871
save,3872
opr,3873
supervisori,3874
mileag,3875
interior,3876
background,3878
borderless,3879
involuntari,3880
athlet,3881
oleracea,3882
transvers,3883
manual,797
digniti,3885
unnecessari,2164
syrien,3888
www,3889
greenland,3890
dean,3891
deal,3892
interv,3893
disord,3894
bukam,3895
bushra,3896
heritag,3897
ccccc,3898
elderli,3899
normal,4197
carta,3901
rubenach,3902
burl,3903
овом,3904
burn,3905
phytotherapi,3906
sift,3907
promot,3908
super,3909
zur,3910
dilig,3911
simul,3912
commit,3913
ribe,3914
telephon,3915
nazeera,3916
lorri,1856
esculentum,3918
formerli,3919
manageri,3920
initial,3921
fatmi,5313
ihab,3923
decontamin,3924
editor,3925
fraction,3926
stalk,3927
bolivia,3928
analysi,3930
ramak,3931
form,3932
fora,3933
forg,3934
surveil,3935
dyspraxia,3936
intersector,3937
substrat,2441
jaoudat,3939
propaganda,3940
classif,3941
featur,3942
drive,654
mutandi,2513
hippocastanum,3945
ship,3946
intang,3947
produto,2550
commemor,3949
communic,3950
су,2585
affili,6518
handicap,3953
dies,3954
felt,3955
diet,3956
fell,3957
acqui,3958
billion,3959
femal,3960
furthermor,3961
potato,3962
salt,3963
pseudo,3964
ceuta,3965
institut,3060
daili,3967
jergi,3968
yazd,3969
islamiya,3970
invent,3971
skim,2687
jurisprud,2690
mill,3974
proletarian,3975
milk,3976
turgidum,3977
depend,3978
intermedi,2719
hamdi,3980
antifascista,3981
cortenberg,2725
editori,3983
hussayn,3984
minist,3985
ma,5323
timor,3987
jha,3988
traineeship,3989
tuma,3990
die,3991
speciali,3992
ctbto,3993
democrat,3994
iter,3995
magnet,3996
item,3997
dit,3998
resettl,3999
round,4000
initiativesfigur,4001
petersberg,4002
currant,4003
minimis,4004
agroforestri,4005
afghanistan,4006
favour,4007
rub,4008
multiannu,4009
somalia,4010
international,4011
aprroach,4012
dwarf,2915
abdullahi,4015
french,4016
purif,4017
rue,4018
centralis,1874
wait,4020
box,4021
canadian,2959
shift,4023
extrem,4024
transact,669
ceram,4026
roten,4027
elect,4028
modul,4029
moulhem,4031
unfund,4032
transplant,4033
epso,4034
wealth,3045
în,4036
univers,4037
visit,4038
vineyard,3059
outright,4040
peru,4041
nicosia,4042
india,1875
curriculum,4044
hisbollah,4045
ra,4046
examin,4047
effort,4048
impair,4049
tokyo,4050
flu,4051
uniqu,4052
fli,4053
foreclosur,4054
sour,4055
imped,4056
citru,4057
claim,4058
kenneth,4059
uruguay,4060
predict,4061
wiederaufbau,4062
agent,4063
trève,4064
agenc,4065
pink,4066
hungarian,4220
attract,5346
varor,4069
pine,4070
till,4071
asma,4072
pure,4073
pathway,4074
pinu,4075
map,4076
suhaib,6533
max,4078
usabl,4079
slakho,2485
membership,4081
tramway,4082
grow,4083
accessori,4084
poseidom,4085
irradi,4224
statistician,4087
printshop,4088
switch,4089
deposit,4090
african,4091
basket,4092
tall,4093
purifi,4094
asier,4095
actsprotocol,4096
canberra,4097
faruq,4098
gradual,4099
graduat,4100
chickpea,4101
pitch,4102
equip,4103
entitl,4104
equit,4105
reinforc,4106
thank,3364
polici,4108
тo,4109
maiz,4110
mail,4111
main,4112
recoveri,4113
преференцијалног,4114
developmentfigur,4115
financi,4116
czechrepubl,4117
beij,3410
toxic,5356
banya,2909
possess,4121
workload,4122
artist,4123
oliv,4124
focuss,4125
mansur,4126
maher,4127
rock,4128
beneficiano,4129
agio,4130
bitumen,4131
bookshop,4132
redistribut,3492
agir,3503
girl,4135
baselin,4136
canada,4137
announc,6539
hamsho,4139
konver,4141
dutch,4142
correct,4143
diseas,4144
headlin,4145
org,4146
ord,4147
landfil,3591
orb,4149
abdulla,4150
frequenc,4151
thing,4152
registrar,4153
ministri,4154
standbi,4155
principl,4156
think,4157
frequent,4158
oppon,4159
americana,4160
acquisit,4161
oppos,4162
woluw,4163
fiji,4164
eafrd,4165
luxembourgfigur,4166
demostr,4167
qaddour,4168
averag,4169
swaziland,4170
unduli,4171
memo,4172
rivoluzionaria,6293
broadcast,4173
interrel,4174
interreg,4175
comunista,4176
redefinit,4177
defat,4178
proofread,4179
unscr,4180
whale,6875
coconut,4181
sahel,4182
seal,4183
stigma,4184
professionalis,4185
solidarietà,4186
squar,4187
advic,4188
advis,4189
ettoumi,4190
beirut,4191
channel,4192
canna,4193
iwc,4194
reloc,5370
trace,4196
roster,3900
track,4198
paid,4199
fajr,4200
beta,4201
unidad,2584
grundtvig,4203
ballist,6619
ezzat,4204
shop,4205
multilingu,4206
show,4207
enumer,4242
duli,3068
luqa,4210
threshold,4211
label,4212
ghabia,4213
treasuri,4214
plumb,4030
stand,6090
bissau,4216
info,3070
fayad,4218
nearli,4219
variou,4067
contractu,4221
secondari,4222
repo,4223
salhieh,653
gea,4225
esterifi,4226
geo,4227
gen,4228
expatri,6553
yield,4230
mediat,4231
изјављује,5656
summari,4232
kernel,4233
assumpt,4234
seat,4235
lrrd,4236
misconduct,4237
seab,4238
calendar,4239
innov,4240
rupe,4241
ornament,4208
forecast,4243
cd,1627
behind,4244
volatil,4245
revenuechapt,4246
ikhtiyar,4247
across,4248
hizbullah,4249
august,4250
parent,4251
ju,4252
jp,4253
jm,4254
jo,4255
je,4256
ja,4257
trader,4258
tour,4259
hedia,4260
improv,4261
improp,4262
among,4263
acceler,4264
disciplinari,4265
custodi,4266
enlarg,6557
mongolia,5386
cancel,4269
mare,4270
ultim,4271
luhwindja,4272
mari,4273
mark,4274
workshop,4275
certifi,4276
tangelo,4277
squash,4278
sort,6653
yugoslav,4279
derog,4280
sound,4281
interoper,4282
wcpfc,4283
outcom,4284
coco,4285
valeriana,4476
purportedli,4287
advantag,4288
côte,4289
destin,4291
cluster,4292
sudden,4293
protein,4294
macadamia,4295
reisearch,4296
subtot,5394
par,4298
pepo,4299
doctor,4300
insofar,4301
iñigo,4302
audienc,4303
polyurethan,4304
shakuri,4305
speech,4306
pae,4307
slaughterhous,4308
plaster,5396
pan,4310
exhaust,4311
oil,4312
príncipe,4313
assist,4314
sufian,4315
oib,4316
capabl,4317
postpon,4318
drain,3056
conop,4320
areafigur,4321
macro,4322
workplac,4323
roughli,4324
outdoor,4325
execut,4326
money,4327
ghassan,4328
edpb,4329
aspect,4330
institutionxx,4331
ethyl,4332
parad,4333
rental,4334
borag,4335
pile,4336
secreci,4337
temperatur,4338
grid,4339
eupol,4340
mol,4341
tanker,6733
mod,4342
budgetsinc,4343
demographi,4344
server,4345
chamber,4346
republ,4347
either,4348
bader,4349
fulfil,4350
cabl,4351
adequ,4352
riskweight,4353
livret,4354
gross,4355
reinick,4356
confirm,4357
sudan,4358
pioneer,4359
inject,4360
representativesfigur,4361
kyoto,4362
broker,4363
broken,4364
cornerston,4365
opium,4923
island,4367
ovlašćenj,4368
arthriti,4369
allianc,4370
road,4371
psychotherapeut,4372
coupon,4373
terminolog,4374
strip,4375
jerusalem,4376
complianc,4377
erasmu,4378
anisa,4379
compliant,4380
enzym,3098
gort,4383
enough,4215
corso,4384
duchi,4385
spice,4386
strawberri,4387
turkmani,4388
possibl,4389
manuel,4390
embed,4391
mujahedin,4392
deer,4393
intybu,4394
deep,4395
fellow,4396
undergon,4397
deem,4398
men,6684
file,4399
cultur,4400
proport,4401
deeb,1743
film,4403
fill,4404
subhi,5146
personnel,4406
hybrid,4407
field,4408
vanuatu,4409
sunflow,4410
costruzion,4411
architectur,4412
paedophilia,4413
shelter,4414
carpathian,4415
glabra,4416
prudent,4417
securitis,4418
escal,4419
unload,4420
foundri,4421
descript,4422
liqduid,4423
nutrient,4424
oral,4425
represent,4426
vila,4427
founder,4428
eucap,4429
dollar,4430
standardis,4431
zine,4432
atlant,4433
zinc,4434
allergi,4435
children,4436
edg,6585
laif,4438
rwanda,4441
wadhani,4442
premium,4443
agrobank,4445
fals,4446
offlin,4447
util,4448
baida,4449
scour,4450
fall,4451
bottleneck,4452
pigmeat,4453
gov,5413
subsoil,4455
moldova,4456
firefight,4457
deputi,6645
apprais,4458
zero,4459
lawyer,4460
psycho,3118
abd,4462
abe,4463
excis,4464
crispum,4465
abl,4466
diar,4467
movement,4468
malaria,4469
variat,4470
sophist,4471
karlsruh,4472
ggf,4473
valu,4474
search,4475
margin,4286
besitzen,4477
medica,4478
airport,4479
actionfigur,4480
narrow,4481
declin,4482
transit,4483
africa,4484
readili,4485
sanction,4486
gaap,4487
eye,4488
astm,4489
twd,4490
distinct,4491
tackl,4492
codifi,4493
bulgarian,4494
desir,4495
town,4496
hour,4497
hous,4498
der,4499
remain,4501
del,4502
den,4503
abandon,4504
kirchberg,4505
herak,4506
shara,4507
emiss,4508
sphere,4509
minimum,4510
attain,4511
explor,4512
explos,4513
ursinu,4514
cso,4515
csi,4516
smso,4517
spondia,4518
csr,4519
regener,4520
reclassifi,4521
sami,4522
barandica,4523
wael,4524
blood,4525
salaam,4526
bloom,4527
hfx,4528
misri,4529
coat,4530
hfr,4531
maoeldi,4532
coal,4533
sect,4534
pay,4535
infant,4536
equatori,4537
azerbaijan,4538
intermediari,4539
alvand,6602
suffer,4541
maaruf,4542
sodium,4543
pcp,4544
epmf,4545
late,4546
pend,4547
pad,4548
antimperialisti,4549
good,4550
uhc,4551
solemani,4552
icpd,4553
pollut,4554
compound,4555
aka,3850
remarksthi,4556
detach,4557
swedan,4558
pregnant,4559
easili,4560
namibia,4561
habitu,4562
harm,4563
mental,4564
fish,4565
hard,4566
idea,4567
connect,4568
berec,4569
orient,4570
ghalawanji,4571
flower,4572
admiss,4573
princ,4574
ipard,4575
print,4576
extraordinari,4577
constantin,4578
ispp,4579
ispa,4580
yasser,4581
recast,4582
finland,4583
hassen,4584
perman,4585
taha,4586
copper,4588
nace,4589
exchang,4590
бр,4591
stabl,4592
servantsfinanci,4593
obligatori,4594
durgham,4595
unrestrict,4596
construct,4597
paint,4598
statement,4599
conduit,4601
haroun,4602
para,4603
costa,736
etsi,4605
park,4606
pari,4608
part,4609
geremek,4610
exposur,4611
contrari,4612
helicopt,6612
europefigur,4614
horizont,4615
declara,4616
jasim,4617
cept,4618
cepa,4619
actuari,4620
mountain,4621
zw,4622
built,4623
askatasuna,4624
build,4625
cameroon,4626
zucchini,4627
distribut,4628
previou,4629
salmon,4630
eggi,4631
prolifer,4632
moss,4633
chard,4634
charg,4635
essn,4636
ka,4637
kg,4638
spettacolar,4639
ke,4640
ki,4641
kh,3321
kn,4643
km,4644
kr,4645
liechtenstein,4646
kp,4647
kw,4648
weigh,4649
ky,4650
sector,4651
commerc,4652
particularli,4653
fine,4655
find,4656
ecsc,4657
merger,4658
ecsh,4659
cedefop,4660
joumaa,3158
unus,4662
express,4663
epidem,4664
theft,4665
silk,4666
silo,4667
commod,4668
verbascum,4669
purslan,4670
vine,4671
jelassi,4672
atli,4673
lisbon,4674
tender,4675
reserv,4676
atla,4677
schemearticl,4678
expert,4679
quintana,4680
burnet,4681
debat,4682
gabon,5448
subscript,4684
experi,4685
herritarrok,6628
altern,4687
guernica,4688
complement,4689
chihabi,4690
barrack,4691
aircraft,4692
complementari,4693
hizbu,4694
purpl,4695
popul,4696
subtitl,4697
sultan,4698
annual,4699
alon,4700
tempor,4701
zeitoun,4702
simpli,4703
point,4704
suppli,4705
throughout,4706
ireland,4707
compuls,4708
mikel,4709
gat,4710
gap,4711
understand,4712
fiscali,4713
politician,4715
aquatica,4716
raw,5454
solid,4718
capsicum,4719
bill,4720
qasreen,4721
litig,4722
unifi,4723
consular,4724
prodotti,4725
remarkspart,4726
subsect,38
propag,4728
centr,4729
imperialist,4730
hibiscu,4731
virtu,4732
converg,3167
itali,4734
corridor,4735
cerasu,4736
neutron,4737
syn,4739
moment,4740
stripe,4741
unimpair,4742
aiai,4743
internationalis,4744
cypru,183
unanim,4746
spent,4747
withdraw,4748
spend,4749
explan,4750
stesso,4751
shape,4752
unesco,2600
ad,5115
timber,4754
wage,4755
cut,4756
persuad,4757
stabilis,4758
realloc,3174
kumquat,4760
approxim,6641
bio,4762
bih,4763
bukhaytan,4764
big,4765
bia,4766
redeem,4767
peripher,4768
calypso,4769
actstask,4770
depositari,4771
baramkeh,1254
flux,4773
princip,4774
rsff,4775
budgetno,4776
sweida,4777
often,4778
duck,5502
territoriali,4780
mirror,4781
nicaragua,4782
scale,4783
though,5466
per,4785
pen,4786
larg,4787
reproduc,4788
pea,4789
qadri,4790
constru,4791
patient,4792
preferencijalnog,4793
uff,4794
usd,6648
oem,4796
impos,4797
constraint,4798
gambia,4799
preclud,522
disclosur,4801
yyyi,4802
lessor,4803
bankruptci,4804
frog,6651
steven,4806
lesson,4807
inclus,4808
mkd,4809
daoud,4810
internazional,4811
agricultur,4812
mkr,4813
subsp,4814
forward,4815
subsidiari,4816
cet,4817
translat,4818
switchboard,4819
isra,4820
youssef,4821
coriand,4822
planet,4823
abdolreza,702
eusr,4825
constant,4826
cypriot,4827
flow,5474
utilis,4829
herzegovina,4830
eusa,4831
curi,4832
trigonella,4833
sequenti,4834
nigra,4835
да,4836
countercycl,4837
dakar,4838
anser,4839
lend,4840
benchmark,3187
etud,4842
prepared,4843
lens,4844
cater,4845
khaddor,4846
lent,4847
acuminata,4848
deserv,4849
iattc,4850
notion,2001
exil,4852
privat,4853
sensit,4854
elsewher,4855
granular,4856
brigadi,4857
becam,4858
passiv,4860
disclos,4861
mobilis,4863
volum,4864
assad,4865
assaf,4866
swafo,4867
consort,4868
geograph,4869
headquart,4870
jouissent,4871
idaeu,4872
eubam,4873
antigen,4874
crop,4875
synergist,4876
idaea,4877
copenhagen,4878
polynesia,4879
parastat,4880
fawaz,4881
piper,4882
rukn,4883
access,4884
cordata,6462
proizvoda,4886
ladder,4887
shafig,4888
proizvodi,4889
closur,4890
sink,4891
safer,4892
vertic,4893
shafiq,4894
implicit,4895
jointli,4896
mindset,4897
eesc,4898
remark,4899
talent,4900
cern,4901
aromat,4902
skoog,4903
preaccess,4904
laarbi,4905
presidenti,4906
prestig,4907
patrol,6667
lime,4909
cha,4910
che,4911
chf,4912
seamless,4913
websit,4914
advoc,4915
charcoal,4916
brassica,4917
amygdalu,4918
trail,4919
train,4920
iia,4921
iii,2349
apaolaza,4366
alik,4925
alia,4926
obvious,4927
digitis,4928
luggag,4929
abcp,4930
onlin,4931
tan,6671
lamb,4933
surfac,4934
forese,4935
afi,4936
lamp,4937
acp,803
forest,4939
democraci,4940
stock,4941
insc,4942
makhlour,4943
watch,5490
makhlouf,4945
redund,4946
da,2017
physic,4948
conduc,4949
correspond,4950
bahamad,5887
chief,4951
italica,4952
furnish,4953
primero,4954
avium,4955
meter,4956
chamomil,1585
enea,4958
armeniaca,4959
georg,3202
lf,4961
le,1605
eui,4963
lc,4964
silkworm,4965
la,4966
lk,4967
li,4968
lv,4969
lt,4970
lu,4971
lr,4972
ibraheem,4973
lq,4974
preval,4975
ly,1666
greater,4977
dac,4978
dan,4979
swordfish,4980
mention,4981
dar,4982
strive,4983
actsamend,4984
februari,4985
disregard,4986
intellig,4987
fluctuat,4988
lentil,4989
artichok,4990
tubular,1786
rex,4992
deraa,1795
defenc,4994
repress,4995
mate,4996
rel,4997
rem,4998
reb,4999
rea,5000
red,5001
wholli,5002
clarifi,5003
takeov,5004
insid,5005
frank,5006
charit,5007
undrawn,5008
que,5009
qud,5010
releas,5011
indent,5012
yarn,5013
hajji,1836
retain,5015
retail,5016
south,5017
sulayman,1749
third,3637
overshoot,5019
glucos,6686
facil,5021
bologna,5022
laps,5023
vulgar,1951
messag,5025
harun,5026
larbi,5027
gear,5028
eritrea,6689
strongman,5030
brazilian,5031
discretionari,5032
activitivi,5033
uda,5034
icti,5035
reaffirm,5036
svaravg,5037
structur,5038
charact,5039
sweden,5040
prunu,5041
fraudul,5042
thereaft,5043
commercialis,5044
immigr,5045
uganda,5046
mic,5047
mid,5048
mix,5049
drekish,5050
mit,5051
expertis,5515
unless,5053
izjavljuj,3216
vertretungen,2146
sft,5056
mortal,5014
tapia,5057
eight,5058
payment,5059
homogen,5061
gather,5062
request,5063
farouk,5064
capita,5065
occasion,5066
thicken,5067
text,5068
clearanc,5069
portfolio,5070
substanc,3631
staff,5071
unionfigur,5072
bicycl,5073
tuberosum,5074
mica,5075
equilibrium,5076
starch,5077
beat,5078
czechoslovakia,5079
bear,3522
regularli,5081
beam,5082
bean,5083
increas,504
kazakhstan,5085
reluct,5086
organ,5087
repercuss,5088
approach,5521
integr,5090
conform,5091
idlib,5093
japonica,5094
abdollahi,5095
diversif,5096
reform,5097
pattern,5098
boundari,5099
progress,5100
turki,5101
deliver,5102
armenia,5103
subgroup,1703
instant,5104
weav,5526
equal,5106
yahiya,5107
instanc,5108
arabl,2649
freeli,5109
staffappropri,5110
comment,5111
guidelin,5112
burada,5113
basisact,5114
euskadi,2591
ag,5116
zarkaoui,5117
electr,5118
curtain,5119
shalai,5120
cephesi,5121
upcom,5122
bulk,5123
bulb,5124
arisen,5125
multi,5126
rectangular,5127
defin,5128
plait,5129
agav,5130
au,5131
europeaid,5132
husam,5133
goñi,6374
marginalis,5134
almost,5135
substanti,5136
partner,5137
inspector,5138
japanes,5139
scientifiqu,5140
coc,5141
subitem,2052
airspac,5143
coronari,5144
tighten,5145
husayn,4405
econt,5147
cosmet,5148
solanum,5149
center,5150
nevertheless,5151
builder,5152
versatil,5153
sett,5154
choos,5155
soviet,5156
áruk,5157
latest,2891
aban,5159
zuhair,5160
clinic,5161
abat,5162
systemat,5163
reunif,5165
onward,5166
lake,5167
gme,5168
add,5169
tripartit,5170
somali,5171
persimmon,5172
smart,5173
rationalis,5174
fayiz,5175
realis,5176
judiciari,5177
delegationstitl,5178
insert,5179
dubai,5180
success,5181
tomé,5182
moringa,5183
journalist,5184
scriptwrit,5185
soft,5186
italian,5187
conven,5188
propel,5189
schemefinanci,5190
hair,5191
concili,5192
proper,5193
oumaween,5194
est,5195
turkmenistan,5196
environmentfigur,1476
esf,5197
nador,5198
esm,5199
adamiyeh,5200
pepper,5201
dci,5202
globalis,5203
host,5204
although,5205
panel,5206
actual,5207
justic,5208
justif,5209
flake,5210
noha,5211
discard,5212
seddeq,5213
annaba,5214
capitalfigur,5215
chronic,5216
guard,5217
lettuc,5218
leverag,5219
pictur,5220
stainless,5221
basauri,5222
remaind,3184
azzam,5223
buy,5224
bur,5225
rajah,5226
brand,5227
bud,5228
seiz,5229
autist,5230
pin,5231
biosecur,5232
encompass,6131
epec,3389
circul,5234
paraguay,5235
campus,5236
probabl,5237
forestri,5238
guidanc,5239
detail,5240
virtual,5241
researchfigur,5242
prejudic,4727
special,3235
pineappl,5244
hortensi,5245
merceris,5246
semit,5247
membri,5248
dysphasia,5249
frontier,6721
watan,5251
consigne,5252
waiver,4862
mnasri,339
schengen,5254
influenza,865
unguiculata,5256
ecdc,5257
stationeri,5258
poorest,5259
productsfigur,5260
sce,867
concret,5262
regrett,5263
risk,5264
incurr,3620
rise,5266
calcin,5267
upstream,5268
quantit,5269
bohunic,5270
school,5271
cooperativa,5272
douma,5273
verif,5274
reimburs,5275
enjoy,5276
almond,5277
interparliamentari,5278
street,5279
empow,5280
umbrella,3244
kivu,5282
blue,5283
hide,5284
worsen,5285
kur,5286
eco,5287
polyest,5288
conduct,5289
supplier,5290
liberti,5291
forint,5292
brigat,5293
lodg,5294
aqel,5295
studio,5296
safflow,5297
aftermath,5298
enrol,5299
même,5300
gni,2086
forum,5302
leaver,5303
fahid,5304
precis,5305
mentor,5306
mutual,6967
straw,5308
describ,5309
prescript,5310
kheir,5311
morabit,5312
asses,3922
asset,5314
musa,5315
mayaleh,6785
tf,885
porijekla,5317
origin,5875
must,5318
shoot,5319
md,5320
mg,5321
mf,5322
join,3986
mc,5324
henri,5325
mm,5326
ml,5327
mo,5328
mn,5329
mi,5330
mh,5331
mk,5332
mu,5333
mt,5334
mw,5335
mv,5336
mq,5337
mp,4013
ms,5339
mr,5340
ta,890
mx,5342
advocaci,5343
mz,5344
dolphin,5345
madehleh,4068
basisse,5347
crataegu,5348
end,5349
eng,5350
gatt,5351
eni,5352
enp,5353
toxin,5354
env,5355
enquiri,4119
widespread,5357
iiib,5358
réunion,5359
sapot,5360
lump,5361
parallel,5362
cheesemak,5363
amif,5364
spous,5365
exclud,5366
patent,5367
jeraatli,5368
environ,5369
incorpor,4195
exclus,5371
pachyrhizu,5372
carnat,5373
composit,5374
sprout,5375
bleach,5376
orang,5377
feedingstuff,5378
viti,5379
london,5380
signatori,5381
compensatori,5382
imf,5383
imi,5384
jafari,5385
imo,4268
imp,5387
drawback,5565
condition,5389
comprehens,5390
multidisciplinari,5391
fadn,5392
fadl,5393
khami,4297
khame,5395
safwan,4309
interdisciplinari,5397
octubr,5398
tourism,5399
choic,5400
bosnia,5401
yune,5567
tajhez,5403
eaci,5404
internazionali,5405
prohibit,5406
unreport,5407
newli,5408
nitc,5409
laid,5410
millennium,5411
empetrum,5412
lrcalc,4454
bioeconomi,5414
sakharov,357
free,5415
carinsko,5416
resistencia,5417
обухваћених,5418
dayr,5419
filter,5420
rang,5421
rank,5422
subcontractor,5423
alreadi,5424
enif,5425
primari,5426
toy,5427
geeref,5428
nomenclatur,5429
tor,5430
bovin,5431
top,5432
equ,5433
tow,5434
mercuri,5435
ton,5436
urban,5437
murder,5438
incub,5439
conson,5440
tool,5441
took,5442
incur,5443
western,5444
conserv,5445
fyrom,5447
expo,4683
unhcr,5449
fashion,5450
rac,5451
pass,913
raeef,5453
capitata,4717
rat,5455
socio,5456
protract,5457
polytetrafluoroethylen,5458
botswana,5459
seminar,5460
snow,5461
thorough,5462
contact,5463
predominantli,5464
insur,5465
coir,4784
rsa,5467
bsi,5468
bse,5469
insul,5470
coin,5471
tibetan,5472
tanzania,5473
metal,4828
chrtrkczu,5475
declar,5476
tissu,5477
random,5478
sage,5479
radio,5480
academi,6754
radic,5482
earth,5483
aromatica,5484
absolut,5485
shellfish,5486
configur,5487
tropic,5488
florenc,5489
kaki,4944
fluid,5491
guatemala,5492
geel,5493
report,5494
reconstruct,5495
haiti,5496
incept,5497
lovag,5499
twice,5500
natolin,5501
premiumfigur,5503
sunduq,5504
guiana,5024
nut,5506
alkalin,5507
nur,5508
roadmap,5509
resist,5510
habib,5511
mahmoud,5512
corrupt,5513
shill,5514
helcom,5052
efta,5516
databas,5517
discoveri,5518
outstand,5519
finger,5520
passiflora,5089
houri,5522
handwritten,5523
ogaden,5524
weak,5525
southeast,5105
wear,5527
skjal,5528
news,5529
protect,5530
извозник,5531
irregular,5532
gamel,5533
restreint,5534
sebastián,5535
jelli,5536
trust,5537
beneficiari,5538
beef,5539
fissil,5540
accumul,5541
beet,5542
disengag,5543
quickli,5544
nucifera,5545
yusuf,5546
xxx,5547
craft,5548
catch,5549
amortis,5550
lesser,5551
dello,5552
della,5553
garag,5554
collater,5555
bilberri,5556
ventil,5557
phare,5558
arronategui,5559
inventori,5560
raghi,5561
suggest,5562
wound,5563
myrtl,5564
complex,5388
champress,5566
freij,5402
complet,5568
fortunella,5569
papaya,5570
welsh,5571
sibai,5572
pick,5573
suburb,5574
portal,5575
hygien,5576
carcer,5577
encumb,5578
ocean,5579
greatest,5580
mother,5581
jean,5582
headquartersfigur,5583
persica,5584
depart,5585
organisationsfigur,5586
expos,5587
tartou,5588
ela,5589
cherri,5590
expendituregener,5591
carambola,5592
gave,5593
petroselinum,5594
sanitari,5595
donat,5596
banda,5597
apart,5598
officea,5600
gift,5599
arbitrari,5601
bitumin,5602
adnuf,5603
singl,5604
serbian,5605
delinqu,5606
zloti,5607
malaysia,5608
usher,5609
indirect,5610
ici,5611
cooper,5612
rhine,5613
icm,5614
sulemani,5615
chinens,5617
ice,5618
grapefruit,1221
khale,5619
coopen,5620
aachi,5621
ict,5622
cord,5623
core,5624
corn,5625
cork,5626
discount,5627
corp,5628
unrwa,5629
meyer,5630
chapter,5631
steadili,5632
employmentfinanci,5633
plum,5634
curri,5635
surround,5636
contamin,5637
festiv,5638
tannia,5639
alga,5640
produc,5641
civic,5642
civil,5643
regist,5644
appropri,4319
entrepreneur,5646
ppp,5647
feru,5648
coastal,5649
cafeteria,5650
storag,5651
judici,6777
transform,5653
gif,4587
reli,5655
seeker,4382
head,5657
medium,5658
satisfactorili,5659
timescal,5660
subsidis,5661
wireless,5662
heat,5663
hear,5664
solar,5665
counsel,5666
flavour,5667
computeris,5668
fundament,5669
erdf,5670
trim,5671
nnn,3137
estonia,5673
vulgari,6520
phytosanitari,5674
euratom,5675
perez,5676
check,5677
assembl,5678
ni,5679
nl,5680
na,5681
nb,5682
nc,5683
tip,5684
abovement,6782
nf,5686
ng,5687
nz,5164
fragran,5689
tie,5690
implant,5691
falkland,5692
nu,5693
nw,5694
cleric,5695
benefici,5696
hofstadgroep,5697
diplomatich,5698
consid,5699
makdessi,5700
uniformli,5701
younger,5702
faster,5703
seychel,5704
vietnam,5705
fasten,5706
nuclei,5707
nucleo,5708
akhra,5709
coach,5710
rom,5711
smeg,5712
celebr,5713
rod,5714
focus,5715
livelihood,5716
signific,5717
guava,5718
row,5719
suckler,5720
eleph,5721
proxim,5722
turbin,5723
environment,5724
quasi,5725
melon,5726
sourc,5727
infanticid,5728
feasibl,5729
eurobaromet,5730
unregul,5731
broadli,5732
plantain,5733
cook,5734
cool,5735
level,5736
industrialis,5737
necessit,5738
brother,5739
shortcom,5740
quick,5741
cni,5742
mashreq,5743
trend,5744
bakr,5745
cyber,5746
inland,5747
colin,5748
mashrek,5749
pmo,5750
port,5751
biodivers,5752
egtc,5753
repli,5754
batallion,5755
eurostat,5756
saliceto,5757
mali,5758
water,5759
entertain,5760
twentieth,5761
locat,6791
dublin,5763
cinnamon,5764
mahrukat,5765
healthi,5766
hneidi,5767
dioxid,5768
winner,5769
circumv,5770
subcategori,5771
visibl,5772
jameel,5773
santolina,5774
wholesal,5775
seneg,5776
projector,5777
memori,5778
msw,5779
mso,5780
percept,5781
msi,5782
criteria,5783
msg,4202
australian,5785
today,5786
capit,5787
conductor,5788
share,5789
prototyp,5790
ayyub,5791
ventur,5792
cpvo,5793
religi,5794
butterfat,5795
judg,5796
flagship,5797
inadequ,5798
fauna,5799
purpos,5800
gachsaran,5801
stream,5802
subthem,5803
critic,5804
ari,5805
altjreda,5806
hydrogen,5807
razan,5808
swedish,5809
differenti,5810
marketfigur,5811
parliamentari,5812
alway,5813
vital,5814
fourth,5815
aoffic,5816
levi,5817
apprenticeship,5818
itziar,5819
eighth,5820
ombudsman,5821
unsettl,5822
tawfiq,3108
liquid,5824
midar,5825
investe,5826
inform,5827
preced,5828
combin,5829
practis,5830
fahmi,5831
reservesa,5832
nobili,5833
refund,5834
овлашћење,5835
anticip,5836
changeov,5837
mainli,5838
worship,5839
canari,5840
cclt,5841
passag,5842
ahe,5843
platform,5844
farmer,5845
chalich,5846
expenditureappropri,5847
sabah,5848
wagon,5849
term,5850
name,5851
joma,5852
actseuropean,5853
individu,5854
distributor,5855
sucros,5856
dispos,5857
profit,5858
profil,5859
underwrit,5860
uncl,5861
inadequaci,5862
factori,5863
clover,5864
anwar,5865
migrat,5866
contain,5867
goodwil,2283
mortara,5869
refus,5870
unpaid,68
place,5872
swine,5873
imposs,5874
cassava,143
suspend,5876
talbiseh,5877
beverag,5878
albania,5879
suspens,5880
activitiesfigur,5881
ignalina,5882
given,5883
iai,5884
iah,5885
district,5886
mosab,151
iaa,5888
plastic,5889
gid,4600
ncff,5891
abdelkad,5892
white,5893
circa,5894
eagf,5895
cope,5896
season,5897
copi,5898
montenegro,5899
specifi,5900
copp,5901
codecis,5902
necessarili,5890
holder,5903
serv,5904
wide,5905
eidhr,5906
balanc,5907
oplan,5908
powder,403
pre,5910
ana,5911
prm,5912
pro,5913
ani,5914
ant,5915
rent,5916
basisdecis,1340
techniqu,5917
collateralis,5918
moreov,5919
malta,5920
emphasis,5921
exploratori,5922
halifi,5923
officerevenuetitl,5924
benin,5925
fcp,5926
armando,5927
multipli,5928
cistu,5929
micro,6075
fch,5930
socrat,5931
later,5932
quantiti,5933
aeuropean,5934
pfee,5935
annuu,5936
xaki,5937
recipi,5938
viscos,5939
uncondit,5940
ginseng,5941
pursuant,5942
sweid,5943
embassi,5944
permiss,5945
delegationsxx,5946
hosein,5947
mamluk,5948
explicitli,5949
interperson,5950
crime,5951
wood,5952
actscommun,5953
wool,517
analys,5955
phyllanthu,5956
ssr,5957
tailor,5958
chemic,6816
dye,5959
tayr,5960
icsp,5961
cumin,5962
intrins,5963
irrespect,5964
bison,3784
lng,5966
souruh,5967
lnb,5968
detect,5969
voluntari,5970
neafc,5971
shabiha,5972
cycl,5973
actsinterinstitut,5974
comb,5975
abasiyeh,714
reaction,5977
berri,5978
libya,5979
region,5980
contract,5981
siofa,5982
railway,5983
missioni,5984
convar,5985
inspir,5986
pole,5987
intertrad,5988
montoy,780
pod,5990
poll,5991
poli,5992
turkey,5993
coupl,5994
abdul,5995
mezza,5996
algier,5997
poseima,5998
eafrdfigur,5999
andrea,6000
spirit,6001
matter,1145
case,6003
mount,6004
cash,6005
nassif,6006
spinosa,6007
embank,6008
nassim,6009
nouriddin,6010
refineri,6011
telephoni,6012
vest,6013
trip,6014
ethiopia,6015
guenechea,6016
ecolog,6017
eventu,6018
week,6019
statutori,6020
statut,6021
confidenti,6022
driver,6023
weee,6024
driven,6025
footprint,6026
encrypt,6027
jleilati,6028
ukrain,6029
justifi,1089
remarksrevenu,6031
without,6032
model,6033
reward,1099
lb,5645
ebla,6035
violenc,6036
nd,6037
ninth,6038
violent,6039
kill,6040
conribut,6041
polish,6042
assetss,6043
maría,6044
miscellan,6045
widest,6046
rose,6047
except,1167
blog,6049
wall,6831
funzionari,6051
vulner,6052
disrupt,1188
ross,6054
kingdom,6055
artocarpu,6056
np,6057
yusif,6058
nr,6059
intergener,6060
jma,6061
nissan,6062
tower,1267
são,6065
deduct,6066
madrid,6067
audiovisu,6068
canteen,6069
shaleesh,1315
triticum,6071
freez,6072
slice,6073
caribbean,6074
yousef,1327
legal,1334
hashemit,6077
nioc,6078
complic,6079
immun,6080
iparraguirr,6081
inspect,6082
unencumb,6083
slaughter,6084
carcas,6085
om,6086
oi,6087
chahada,6088
salimani,6089
hafiz,1431
disadvantag,6400
chive,6091
ov,6092
ou,6093
accredit,1450
routin,6095
reservefigur,6096
denar,6097
fawwaz,6098
domicil,6099
racism,6100
unab,6101
fisheri,6845
interfac,6103
strictli,6104
valley,6105
machin,1245
abkhazia,6106
eeig,6107
alain,6108
cardoon,1548
amongst,6110
cabinet,6111
alday,6112
caraway,4444
notat,6114
jasem,6115
helianthu,6116
barzeh,6117
eniac,1607
elearn,6119
toilet,1620
ssrc,6121
cinema,6122
cbi,1650
strongli,6124
britain,1664
lichen,6126
readmiss,6127
cbt,6128
harvest,6129
acer,6130
eujust,1678
energi,470
acet,6133
incorrect,6134
rosea,6135
bhutan,6136
healthtitl,6137
paddi,6138
rubber,6139
piraci,6140
igi,6141
производи,6142
ilam,6143
symbol,1738
производа,6145
serious,6063
grupo,6147
wife,6148
directori,6149
invest,6150
cmp,6151
zimbabw,1780
barcelona,6153
potenti,6154
intrastat,6155
apparel,6156
sanco,6157
invoic,6158
degrad,6159
assimil,6160
lace,6161
lack,1802
reserveappropri,6163
alc,6164
ala,6165
disc,6166
escarol,6167
abil,6168
alt,6169
disk,1821
abid,6171
bubbl,6172
menzel,6173
dairi,6174
program,6175
midcap,6176
cress,6177
agribusi,1867
libertad,6179
fax,6180
consum,6181
replic,1068
far,6183
verbena,6184
fat,6185
hamami,6186
fan,4924
fao,6188
failur,1910
unoffici,6190
hemp,1917
induct,6192
repurchas,6193
lisa,6194
align,6854
synergi,6196
tel,6197
ten,6198
difficulti,6199
tea,6200
alicant,6201
rate,3155
pressur,6203
design,6204
rata,6205
adanov,6206
teu,6207
belief,6208
unsuit,6855
sue,1990
sub,6211
sun,6212
sum,6213
brief,6214
version,6215
ozon,6216
intersect,6217
payabl,6218
behaviour,6219
mozambiqu,6220
naval,6221
handasieh,6222
ufmpa,2119
demin,6224
khattib,2134
ekin,6226
haidra,6227
proceed,6228
destabilis,6229
coverag,6230
policyfigur,2186
partito,6232
minor,6233
belliard,6234
flat,6235
protestor,6236
flax,2218
flag,6238
stick,6239
dialysi,2226
qaddur,6241
saharan,6242
ensu,6243
осим,6244
valuabl,2236
cabbag,6246
outlin,6247
portugues,6248
omit,6249
fazhl,6250
saadi,6251
saada,6252
struggl,6253
cours,6254
court,6255
goal,6256
divid,6257
rather,6258
divis,6259
reviv,6260
goat,6261
mould,6262
infecti,2371
resourc,6264
taget,6265
reflect,6266
althaea,6267
spccom,6268
short,6269
caus,6270
chiefli,6271
hersi,6272
grandi,6273
intimid,6274
basistreati,6275
scientist,6276
khudr,6277
style,6278
affini,6279
sale,3943
harmless,6280
scot,6281
argentina,6282
might,6283
alter,6284
return,6285
framework,6286
kirb,6287
cellula,6288
algerian,6289
refresh,6290
undertak,2594
ceas,6292
weight,3478
unilater,6294
soledad,6295
linkag,6296
expect,6297
hafez,6298
aramburu,6299
chiefdom,6300
belgian,4824
alcohol,6301
iiia,6302
nepal,6303
footnot,6304
health,6305
shipment,6306
paradisi,6307
solvent,6308
advanc,6309
castanea,6310
diploma,6871
disinfect,6311
solvenc,6312
teach,6313
lag,6314
thread,6315
mohm,1734
midwiv,6316
ombudsmen,6317
threat,2755
feed,6319
ignit,6320
notifi,6321
summaris,6322
blank,6323
shahadah,6324
gpgc,6325
decoupl,6876
script,6327
interact,6328
gpc,6329
stori,6330
tapestri,6331
syrup,6332
ecuador,2860
hqla,6334
option,6335
mushaweh,6336
hotel,6337
chair,2692
aeronaut,6338
kind,6339
riyad,6340
whenev,6341
remot,2910
remov,6343
knive,6344
taweel,2921
atmospher,6346
exert,6347
globulin,2945
marbl,6349
expir,6350
dedic,6351
remodel,6352
vitro,6353
relationship,6354
efs,3001
chairman,6356
donor,6357
eff,6358
efg,6359
wildlif,6360
rumex,3031
landmin,6362
reach,6363
react,6364
amar,3055
dekati,6366
destruct,6367
amphibian,6368
maarouf,6369
rtd,6370
asphalt,6371
kosovo,6372
sspe,2712
cdt,309
cdp,6375
plantago,6376
cucurbita,6377
penalti,6378
mff,6883
bicolor,6380
stipul,6381
iehab,6382
hit,6383
hiv,6384
financ,6385
amicu,6386
fastest,6387
reprint,3218
budapest,6389
statist,6390
cessat,6391
certif,6392
forego,6393
art,6394
dump,6395
fuoco,6396
proactiv,6397
santurc,6398
duma,6399
psidium,451
bark,6401
learnt,6402
overtim,1076
mcf,6404
solo,6405
korea,3348
genet,6407
induc,3360
sole,6409
fgm,6410
succeed,6411
solv,6412
alberdi,6413
oversea,6414
roman,6415
context,6416
motorcycl,6417
iván,6418
childhood,6419
mhlc,6420
sweet,6421
sweep,6422
residu,6423
healthfigur,673
shaykh,6424
pr,4500
ps,6426
pv,6427
pw,6428
pt,6429
pu,6430
nader,6431
py,6432
due,6433
pc,6434
fabadi,3468
pf,6436
pg,6437
pd,6438
pe,6439
pk,6440
ph,6441
pi,6442
pn,6443
po,6444
pl,6445
pm,3495
flight,6447
trimmabl,6448
taeb,6449
togo,6450
demand,6451
artemi,6452
instructor,6453
asinu,6454
vallejo,6455
georgia,3542
probationari,6457
pedestrian,6458
frozen,6459
purpurea,6460
illustr,6461
uranga,6463
demot,6464
rif,6465
quail,3617
chicori,6467
demobilis,6468
twofold,6469
marguerit,6470
calend,6471
qae,6472
viola,6473
higher,6474
cement,6475
expressli,6476
thereund,6478
multimod,3695
wherev,6480
lower,6481
earmark,6482
machineri,6483
sumac,6484
searchabl,6485
disburs,6486
chees,6487
hagu,3725
tlili,6489
pollen,6490
faugera,3738
argentin,1581
saraafa,5672
relianc,3755
unaudit,6494
continent,6495
chaar,6496
stimul,6497
theoret,6498
contractor,6499
eulex,6500
complaint,6501
viabil,6502
incentivis,6503
hamshogroup,6504
jendoubi,6505
discriminatori,6506
earthquak,6507
collect,6508
schweizerisch,6509
breeder,6510
nairobi,6511
interphon,6512
embroid,6513
subhead,6514
play,6515
phone,5316
understood,6516
litter,6517
attar,3952
meda,6519
kurrat,3966
seller,6521
banqu,6522
provinci,6523
unrat,6524
viabl,6525
egovern,6526
lippia,6527
intensif,3884
transpos,6528
lgtt,6529
stricken,6530
entrepreneuri,6531
militia,6532
modal,4077
ceci,4080
gamma,6535
petropar,6536
measuresfigur,6537
emphasi,6538
artifici,4138
madagascar,6540
question,6541
fast,6542
adjac,6543
arithmet,6544
faso,6545
vienna,6546
gcca,6547
potassium,6548
cloth,6549
delta,6550
junior,6551
suwaid,6552
consist,4229
apricot,6554
husk,6555
highlight,6556
humanitarian,4642
remarksfus,6663
esco,6558
sublet,6559
sinensi,6560
famil,6561
agencyfigur,6562
lemon,6563
peach,6564
corylu,6565
ferment,6566
kamal,6567
nice,6568
fendi,6569
mustard,6570
missil,6571
introduc,5338
athen,6572
medina,6573
kz,6574
vigil,6575
relaunch,6576
nasr,6577
chaoui,6578
vice,6579
dismantl,6580
pyru,6581
buffalo,4607
eda,6583
edf,6584
unclassifi,4437
edi,6586
rucola,6587
issuer,6588
shiraz,6589
gold,6590
uphold,6591
subspp,6592
kedo,6593
breach,6594
cybercrim,6595
ако,6596
mainstream,6597
arteri,6598
electron,6599
eeef,6600
neighbourli,6601
electrod,4540
relev,6603
weapon,6604
fur,6605
dealt,6606
nox,6880
pleas,6607
malici,6608
smaller,6609
trawl,6610
fold,6611
gmbh,4613
ciu,6613
acid,6614
cfr,6615
cfp,6616
compat,6617
nazih,6618
compar,3929
dubini,6620
produktiem,6621
hourli,6622
brusselsfigur,6623
capital,6624
tilia,6625
moschata,6626
usag,6627
securitisatin,4686
colateralis,6629
hkd,6630
survivor,6631
guarantor,6632
larger,6633
remitt,6634
typic,6635
cad,6636
sekhni,6637
membr,6638
egypt,6639
maldiv,6640
app,4761
inequ,6642
practition,6643
apl,5498
redd,4779
subsidari,6646
use,6647
fee,4795
usa,6649
inea,6650
ined,4805
fet,6652
mouscron,2951
parliament,6654
agrimonetari,6655
imprest,6656
impress,6657
bouraba,6658
women,6659
bookbind,6660
islamabad,6661
ovom,6662
socioeconom,4885
revitalis,6664
proof,6665
mucilag,6666
plebiscito,4908
tar,6668
tax,6669
carrot,6670
rapa,4932
tai,6672
rape,6673
counterfeit,6674
gallu,6675
sit,6676
tamper,6677
six,6678
instead,6679
tension,6680
attend,6681
hazard,6682
taci,6683
attent,5018
ethnic,6685
crowdsourc,5020
nejm,6687
labidin,6688
villag,5029
kreditanstalt,6690
light,6691
extensif,6692
villat,6693
eurasian,6694
neutralis,6695
elig,6696
elit,6697
whilst,6698
permanent,6699
easo,6700
underpin,6701
muham,6702
holiday,6703
basilicum,6704
amjad,6705
flour,6706
unmatch,6707
morcillo,6936
fingerprint,6709
plenipotentiari,6710
republican,6711
investor,6712
successor,6713
cocoa,6714
edit,6715
tran,6716
latvia,6717
trap,6718
haeu,6719
depositor,6720
incompet,5250
categori,6722
svar,6723
disappear,3835
plural,6724
excess,2704
utensil,6725
interbuild,6726
digitalis,6727
york,6728
dictionari,6729
tenant,6730
promptli,6731
ioniz,6732
cri,4439
suiss,6734
ionis,6735
illicit,6736
musculo,6737
ltd,6738
uproot,6739
cableway,6740
echa,6741
courgett,6742
rafiq,6743
probation,6744
prioriti,6745
unknown,6746
overdraft,6747
capac,6748
thereport,6749
expenditur,6750
shell,6751
karoon,6752
shallot,6753
seafo,6904
shelv,5481
hazwan,6755
practic,5823
histor,1189
clip,6756
ercea,6757
alfonso,6758
coher,6759
cohes,6760
disjoint,6761
legittimazion,6762
rout,6763
aubergin,6764
outward,6765
hr,6766
aromaticum,6767
remarksform,6768
eten,6769
roug,6770
divers,6771
ruderalia,6772
rasafi,6773
congoles,6774
petrol,6775
extermin,5652
class,6778
statuto,6779
mujah,6780
pipe,6781
deni,5685
schulz,6783
hn,6784
fead,1458
esma,6786
tarif,6787
taric,6788
envisag,6789
ear,5616
jammali,5762
inhabit,6792
local,6793
finrep,6794
contribut,6795
cuba,6796
dope,6797
hetc,6798
mombin,6799
tierra,6800
silag,6801
qa,6802
elderberri,6803
partit,6804
ascertain,6805
karkh,6806
eba,6807
knowledg,6808
violet,6809
gmail,6810
closer,6811
entranc,6812
biofuel,6813
tropaeolum,6814
crude,6815
aslan,6466
bought,6817
poultrymeat,6818
addin,6819
job,6820
entir,6821
amer,6822
swift,6823
jon,6824
addit,6825
eltelm,6826
april,6827
grain,6828
wale,6829
unclear,6830
tunisia,6050
arriv,6832
walk,6833
ezzor,6834
carrièr,6835
cxl,6836
withdrawn,6837
biospher,6838
bbi,6839
decent,6840
ghazali,6841
daphn,6842
compos,6843
compon,6844
outflow,6102
besid,6846
nickel,6847
presenc,6848
substat,6849
evdomi,6850
coastlin,6851
present,6852
scrutini,6853
vanilla,6195
will,6209
wild,6856
observ,6857
layer,6858
gestora,6859
asiafigur,6860
pesca,6861
dual,6862
ave,6863
uniti,6864
antibiot,6865
subcontract,6866
cross,6867
largest,6868
intercultur,6869
difficult,6870
diplomat,37
student,6872
postag,6873
karimkhan,6874
vapour,31
collat,6326
collar,6877
object,202
communautair,6878
english,6879
undertaken,6365
taiex,6881
mfa,6882
rocket,6379
obtain,6884
replenish,6885
heavili,6886
simultan,6887
liquidti,6888
rapid,6889
sabbagh,6890
unbleach,6891
smith,2065
micronesia,6893
iriart,6894
oilse,6895
branch,6974
nitros,6897
agencyfunct,6898
khreit,6899
assert,6900
dounia,6901
know,6902
press,6903
accru,2416
loganobaccu,6905
exceed,6906
liberec,6907
libretto,6908
hondura,6909
growth,6910
kaboon,1656
ampeloprasum,6912
leaf,6913
lead,6914
miner,6915
leas,6916
leav,6917
settl,6918
remarksarticl,6919
leader,6920
himma,6921
investig,6922
ispravom,6923
interdepend,6924
unprint,6925
rare,6926
ashi,6927
column,6928
carrier,6929
camelu,6930
arbabsiar,6931
disabl,6932
daraa,6933
owe,6934
egno,6935
euronest,6708
automat,6937
weather,6938
brush,6939
appropriationsappropri,6940
statesfigur,6941
kawa,6942
van,6943
euroglob,6944
transfer,6945
tourist,6946
appl,6947
cairo,6948
var,6949
vat,6950
tangibl,6951
bosnian,6952
unpreced,6953
aurantium,6954
mada,6955
record,6956
lvf,6957
emolu,6958
cake,6959
prefinanc,6960
archangelica,6961
significantli,6962
ez,6963
biosafeti,6964
energyfigur,6965
exportador,6966
cupon,281
diospyro,6968
karabakh,6969
countermeasur,6970
scic,6971
book,6972
riad,6973
sick,6896
disproportion,6975
rial,6976
poverti,6977
debian,6978
experienc,6979
scientif,6980
reliabl,6981
employmentappropri,6982
latakia,6983
emerg,6984
auxiliari,6985
